date,ward,total_patients,new_admissions,new_admissions_short3,short3_overflow_count,short3_overflow_avg_los,discharges,discharge_a,discharge_b,discharge_c,discharge_los_list,phase_a_count,phase_b_count,phase_c_count,avg_los,notes
2026-04-01,5F,40,3,1,0,,3,0,2,1,"10,13,16",11,18,11,13.0,水曜日 / 稼働率85.1% / 空床7床
2026-04-01,6F,43,1,0,0,,1,0,0,1,39,3,11,29,39.0,水曜日 / 稼働率91.5% / 空床4床
2026-04-02,5F,43,6,0,0,,3,0,0,3,"15,18,24",12,19,12,19.0,木曜日 / 稼働率91.5% / 空床4床
2026-04-02,6F,40,1,0,0,,4,0,0,4,"27,32,25,30",3,10,27,28.5,木曜日 / 稼働率85.1% / 空床7床
2026-04-03,5F,42,3,0,0,,4,0,2,2,"30,22,11,12",12,19,11,18.8,金曜日 / 稼働率89.4% / 空床5床 / 金曜退院集中
2026-04-03,6F,39,2,0,0,,3,0,0,3,"36,22,39",3,10,26,32.3,金曜日 / 稼働率83.0% / 空床8床 / 金曜退院集中
2026-04-04,5F,43,4,0,0,,3,1,0,2,"29,22,3",12,19,12,18.0,土曜日 / 稼働率91.5% / 空床4床
2026-04-04,6F,40,2,0,0,,1,0,0,1,39,3,10,27,39.0,土曜日 / 稼働率85.1% / 空床7床
2026-04-05,5F,43,1,0,0,,1,0,0,1,32,12,19,12,32.0,日曜日 / 稼働率91.5% / 空床4床
2026-04-05,6F,39,0,0,0,,1,0,0,1,37,3,10,26,37.0,日曜日 / 稼働率83.0% / 空床8床
2026-04-06,5F,41,1,0,0,,3,0,0,3,"32,15,22",11,18,12,23.0,月曜日 / 稼働率87.2% / 空床6床
2026-04-06,6F,36,0,0,0,,3,0,0,3,"28,24,26",3,9,24,26.0,月曜日 / 稼働率76.6% / 空床11床
2026-04-07,5F,41,3,0,0,,3,0,0,3,"22,17,26",11,18,12,21.7,火曜日 / 稼働率87.2% / 空床6床
2026-04-07,6F,37,4,0,0,,3,0,0,3,"17,24,22",3,9,25,21.0,火曜日 / 稼働率78.7% / 空床10床
2026-04-08,5F,40,2,0,0,,3,0,0,3,"19,26,24",11,18,11,23.0,水曜日 / 稼働率85.1% / 空床7床
2026-04-08,6F,38,4,1,0,,3,0,0,3,"44,29,16",3,10,25,29.7,水曜日 / 稼働率80.9% / 空床9床
2026-04-09,5F,41,5,0,0,,4,0,0,4,"32,28,31,28",11,18,12,29.8,木曜日 / 稼働率87.2% / 空床6床
2026-04-09,6F,37,2,0,0,,3,0,0,3,"24,30,46",3,9,25,33.3,木曜日 / 稼働率78.7% / 空床10床
2026-04-10,5F,40,3,0,0,,4,0,1,3,"17,33,35,9",11,18,11,23.5,金曜日 / 稼働率85.1% / 空床7床 / 金曜退院集中
2026-04-10,6F,37,4,0,0,,4,0,0,4,"25,32,34,17",3,9,25,27.0,金曜日 / 稼働率78.7% / 空床10床 / 金曜退院集中
2026-04-11,5F,40,2,0,0,,2,0,1,1,"19,9",11,18,11,14.0,土曜日 / 稼働率85.1% / 空床7床
2026-04-11,6F,37,1,0,0,,1,0,0,1,38,3,9,25,38.0,土曜日 / 稼働率78.7% / 空床10床
2026-04-12,5F,42,2,1,0,,0,0,0,0,,12,19,11,0.0,日曜日 / 稼働率89.4% / 空床5床
2026-04-12,6F,40,6,0,0,,3,1,0,2,"29,4,49",3,10,27,27.3,日曜日 / 稼働率85.1% / 空床7床
2026-04-13,5F,39,0,0,0,,3,0,1,2,"6,24,18",11,18,10,16.0,月曜日 / 稼働率83.0% / 空床8床
2026-04-13,6F,38,1,0,0,,3,0,0,3,"30,21,36",3,10,25,29.0,月曜日 / 稼働率80.9% / 空床9床
2026-04-14,5F,40,5,1,0,,4,1,1,2,"12,36,38,5",11,18,11,22.8,火曜日 / 稼働率85.1% / 空床7床
2026-04-14,6F,43,7,0,0,,2,0,0,2,"20,22",3,11,29,21.0,火曜日 / 稼働率91.5% / 空床4床
2026-04-15,5F,38,2,0,0,,4,0,2,2,"20,8,14,41",11,17,10,20.8,水曜日 / 稼働率80.9% / 空床9床
2026-04-15,6F,44,3,1,0,,2,0,0,2,"21,25",4,11,29,23.0,水曜日 / 稼働率93.6% / 空床3床
2026-04-16,5F,44,9,1,0,,3,1,1,1,"4,42,13",12,20,12,19.7,木曜日 / 稼働率93.6% / 空床3床
2026-04-16,6F,43,2,1,0,,3,0,0,3,"36,24,23",3,11,29,27.7,木曜日 / 稼働率91.5% / 空床4床
2026-04-17,5F,42,2,1,0,,4,1,2,1,"21,3,12,10",12,19,11,11.5,金曜日 / 稼働率89.4% / 空床5床 / 金曜退院集中
2026-04-17,6F,42,2,0,0,,3,1,1,1,"16,7,2",3,10,29,8.3,金曜日 / 稼働率89.4% / 空床5床 / 金曜退院集中
2026-04-18,5F,41,1,0,0,,2,0,1,1,"14,16",11,18,12,15.0,土曜日 / 稼働率87.2% / 空床6床
2026-04-18,6F,43,2,1,0,,1,0,0,1,23,3,11,29,23.0,土曜日 / 稼働率91.5% / 空床4床
2026-04-19,5F,41,1,0,0,,1,0,0,1,21,11,18,12,21.0,日曜日 / 稼働率87.2% / 空床6床
2026-04-19,6F,42,0,0,0,,1,1,0,0,1,3,10,29,1.0,日曜日 / 稼働率89.4% / 空床5床
2026-04-20,5F,41,4,0,0,,4,0,1,3,"9,17,16,18",11,18,12,15.0,月曜日 / 稼働率87.2% / 空床6床 / 月曜入院集中
2026-04-20,6F,41,4,0,0,,5,1,2,2,"12,4,26,18,12",3,10,28,14.4,月曜日 / 稼働率87.2% / 空床6床 / 月曜入院集中
2026-04-21,5F,41,3,1,0,,3,1,0,2,"4,25,18",11,18,12,15.7,火曜日 / 稼働率87.2% / 空床6床
2026-04-21,6F,42,2,1,0,,1,0,0,1,17,3,10,29,17.0,火曜日 / 稼働率89.4% / 空床5床
2026-04-22,5F,38,0,0,1,6.0,3,0,3,0,"7,6,13",11,17,10,8.7,水曜日 / 稼働率80.9% / 空床9床
2026-04-22,6F,41,1,0,0,,2,1,0,1,"1,15",3,10,28,8.0,水曜日 / 稼働率87.2% / 空床6床
2026-04-23,5F,37,2,0,0,,3,0,2,1,"12,21,14",10,17,10,15.7,木曜日 / 稼働率78.7% / 空床10床
2026-04-23,6F,42,2,0,0,,1,0,0,1,15,3,10,29,15.0,木曜日 / 稼働率89.4% / 空床5床
2026-04-24,5F,37,3,0,0,,3,0,2,1,"14,8,15",10,17,10,12.3,金曜日 / 稼働率78.7% / 空床10床 / 金曜退院集中
2026-04-24,6F,42,3,1,0,,3,0,1,2,"21,14,26",3,10,29,20.3,金曜日 / 稼働率89.4% / 空床5床 / 金曜退院集中
2026-04-25,5F,38,2,0,0,,1,0,1,0,13,11,17,10,13.0,土曜日 / 稼働率80.9% / 空床9床
2026-04-25,6F,40,1,0,0,,3,0,2,1,"18,14,11",3,10,27,14.3,土曜日 / 稼働率85.1% / 空床7床
2026-04-26,5F,38,1,0,0,,1,1,0,0,5,11,17,10,5.0,日曜日 / 稼働率80.9% / 空床9床
2026-04-26,6F,41,1,1,0,,0,0,0,0,,3,10,28,0.0,日曜日 / 稼働率87.2% / 空床6床
2026-04-27,5F,39,4,1,0,,3,0,2,1,"25,8,13",11,18,10,15.3,月曜日 / 稼働率83.0% / 空床8床 / 月曜入院集中
2026-04-27,6F,43,4,0,0,,2,0,0,2,"20,18",3,11,29,19.0,月曜日 / 稼働率91.5% / 空床4床 / 月曜入院集中
2026-04-28,5F,40,4,1,0,,3,1,1,1,"14,24,5",11,18,11,14.3,火曜日 / 稼働率85.1% / 空床7床
2026-04-28,6F,41,0,0,0,,2,1,0,1,"16,4",3,10,28,10.0,火曜日 / 稼働率87.2% / 空床6床
2026-04-29,5F,41,5,1,0,,4,1,1,2,"20,13,5,23",11,18,12,15.2,水曜日 / 稼働率87.2% / 空床6床
2026-04-29,6F,41,4,2,0,,4,0,1,3,"17,12,26,20",3,10,28,18.8,水曜日 / 稼働率87.2% / 空床6床
2026-04-30,5F,41,5,2,0,,5,1,1,3,"20,3,14,15,22",11,18,12,14.8,木曜日 / 稼働率87.2% / 空床6床 / GW前(2日前)
2026-04-30,6F,42,2,0,0,,1,1,0,0,1,3,10,29,1.0,木曜日 / 稼働率89.4% / 空床5床 / GW前(2日前)
2026-05-01,5F,38,3,0,0,,6,3,2,1,"2,15,1,11,11,3",11,17,10,7.2,金曜日 / 稼働率80.9% / 空床9床 / GW前(1日前) / 金曜退院集中
2026-05-01,6F,38,2,0,0,,6,2,0,4,"15,5,24,2,17,17",3,10,25,13.3,金曜日 / 稼働率80.9% / 空床9床 / GW前(1日前) / 金曜退院集中
2026-05-02,5F,39,1,0,0,,0,0,0,0,,11,18,10,0.0,土曜日 / 稼働率83.0% / 空床8床 / GW中
2026-05-02,6F,39,1,1,0,,0,0,0,0,,3,10,26,0.0,土曜日 / 稼働率83.0% / 空床8床 / GW中
2026-05-03,5F,36,0,0,0,,3,0,2,1,"12,29,10",10,16,10,17.0,日曜日 / 稼働率76.6% / 空床11床 / GW中
2026-05-03,6F,39,1,0,0,,1,0,0,1,21,3,10,26,21.0,日曜日 / 稼働率83.0% / 空床8床 / GW中
2026-05-04,5F,35,2,0,0,,3,0,1,2,"14,26,18",10,16,9,19.3,月曜日 / 稼働率74.5% / 空床12床 / GW中
2026-05-04,6F,39,1,0,0,,1,0,0,1,22,3,10,26,22.0,月曜日 / 稼働率83.0% / 空床8床 / GW中
2026-05-05,5F,32,0,0,0,,3,0,0,3,"21,19,21",9,14,9,20.3,火曜日 / 稼働率68.1% / 空床15床 / GW中
2026-05-05,6F,39,2,0,0,,2,0,0,2,"31,22",3,10,26,26.5,火曜日 / 稼働率83.0% / 空床8床 / GW中
2026-05-06,5F,29,0,0,1,6.0,3,0,3,0,"11,9,6",8,13,8,8.7,水曜日 / 稼働率61.7% / 空床18床 / GW中
2026-05-06,6F,39,3,0,0,,3,0,0,3,"38,26,22",3,10,26,28.7,水曜日 / 稼働率83.0% / 空床8床 / GW中
2026-05-07,5F,32,5,0,0,,2,0,1,1,"6,19",9,14,9,12.5,木曜日 / 稼働率68.1% / 空床15床 / GW明け1日目
2026-05-07,6F,45,7,0,0,,1,1,0,0,5,4,11,30,5.0,木曜日 / 稼働率95.7% / 空床2床 / GW明け1日目
2026-05-08,5F,34,4,1,0,,2,0,0,2,"21,28",10,15,9,24.5,金曜日 / 稼働率72.3% / 空床13床 / GW明け2日目
2026-05-08,6F,47,4,1,0,,2,0,0,2,"17,18",4,12,31,17.5,金曜日 / 稼働率100.0% / 空床0床 / GW明け2日目
2026-05-09,5F,35,1,1,0,,0,0,0,0,,10,16,9,0.0,土曜日 / 稼働率74.5% / 空床12床 / GW明け3日目
2026-05-09,6F,47,1,1,0,,1,0,0,1,27,4,12,31,27.0,土曜日 / 稼働率100.0% / 空床0床 / GW明け3日目
2026-05-10,5F,37,3,0,0,,1,0,1,0,11,10,17,10,11.0,日曜日 / 稼働率78.7% / 空床10床
2026-05-10,6F,46,0,0,0,,1,0,0,1,26,4,12,30,26.0,日曜日 / 稼働率97.9% / 空床1床
2026-05-11,5F,35,2,1,0,,4,1,1,2,"17,12,20,3",10,16,9,13.0,月曜日 / 稼働率74.5% / 空床12床
2026-05-11,6F,47,4,0,0,,3,0,0,3,"27,26,17",4,12,31,23.3,月曜日 / 稼働率100.0% / 空床0床 / 月曜入院集中
2026-05-12,5F,35,4,0,0,,4,0,2,2,"16,17,11,10",10,16,9,13.5,火曜日 / 稼働率74.5% / 空床12床
2026-05-12,6F,47,2,1,0,,2,1,0,1,"24,4",4,12,31,14.0,火曜日 / 稼働率100.0% / 空床0床
2026-05-13,5F,35,3,0,0,,3,0,1,2,"23,6,16",10,16,9,15.0,水曜日 / 稼働率74.5% / 空床12床
2026-05-13,6F,44,1,0,0,,4,0,0,4,"29,26,16,28",4,11,29,24.8,水曜日 / 稼働率93.6% / 空床3床
2026-05-14,5F,38,6,0,0,,3,0,2,1,"28,10,14",11,17,10,17.3,木曜日 / 稼働率80.9% / 空床9床
2026-05-14,6F,40,0,0,0,,4,2,1,1,"22,5,2,14",3,10,27,10.8,木曜日 / 稼働率85.1% / 空床7床
2026-05-15,5F,39,4,1,1,6.0,3,0,1,2,"6,18,16",11,18,10,13.3,金曜日 / 稼働率83.0% / 空床8床 / 金曜退院集中
2026-05-15,6F,42,5,1,0,,3,0,2,1,"12,22,7",3,10,29,13.7,金曜日 / 稼働率89.4% / 空床5床 / 金曜退院集中
2026-05-16,5F,38,2,0,0,,3,1,1,1,"9,5,30",11,17,10,14.7,土曜日 / 稼働率80.9% / 空床9床
2026-05-16,6F,46,4,2,0,,0,0,0,0,,4,12,30,0.0,土曜日 / 稼働率97.9% / 空床1床
2026-05-17,5F,36,1,0,0,,3,1,1,1,"13,2,23",10,16,10,12.7,日曜日 / 稼働率76.6% / 空床11床
2026-05-17,6F,45,0,0,0,,1,0,0,1,37,4,11,30,37.0,日曜日 / 稼働率95.7% / 空床2床
2026-05-18,5F,35,2,0,0,,3,0,0,3,"17,19,18",10,16,9,18.0,月曜日 / 稼働率74.5% / 空床12床
2026-05-18,6F,45,4,2,0,,4,1,0,3,"36,28,18,3",4,11,30,21.2,月曜日 / 稼働率95.7% / 空床2床 / 月曜入院集中
2026-05-19,5F,34,2,0,0,,3,0,2,1,"6,21,12",10,15,9,13.0,火曜日 / 稼働率72.3% / 空床13床
2026-05-19,6F,43,2,1,0,,4,1,0,3,"29,24,18,1",3,11,29,18.0,火曜日 / 稼働率91.5% / 空床4床
2026-05-20,5F,33,2,1,0,,3,0,2,1,"22,8,6",9,15,9,12.0,水曜日 / 稼働率70.2% / 空床14床
2026-05-20,6F,42,2,0,0,,3,3,0,0,"4,1,4",3,10,29,3.0,水曜日 / 稼働率89.4% / 空床5床
2026-05-21,5F,33,3,0,0,,3,0,2,1,"23,14,9",9,15,9,15.3,木曜日 / 稼働率70.2% / 空床14床
2026-05-21,6F,42,3,1,0,,3,0,1,2,"24,14,27",3,10,29,21.7,木曜日 / 稼働率89.4% / 空床5床
2026-05-22,5F,36,6,2,0,,3,0,1,2,"11,15,22",10,16,10,16.0,金曜日 / 稼働率76.6% / 空床11床 / 金曜退院集中
2026-05-22,6F,38,0,0,0,,4,1,0,3,"15,1,32,29",3,10,25,19.2,金曜日 / 稼働率80.9% / 空床9床 / 金曜退院集中
2026-05-23,5F,36,1,1,0,,1,0,0,1,15,10,16,10,15.0,土曜日 / 稼働率76.6% / 空床11床
2026-05-23,6F,39,2,1,0,,1,1,0,0,5,3,10,26,5.0,土曜日 / 稼働率83.0% / 空床8床
2026-05-24,5F,36,1,0,0,,1,1,0,0,2,10,16,10,2.0,日曜日 / 稼働率76.6% / 空床11床
2026-05-24,6F,41,2,0,0,,0,0,0,0,,3,10,28,0.0,日曜日 / 稼働率87.2% / 空床6床
2026-05-25,5F,35,2,0,0,,3,0,1,2,"15,11,15",10,16,9,13.7,月曜日 / 稼働率74.5% / 空床12床
2026-05-25,6F,41,3,0,0,,3,0,0,3,"21,26,17",3,10,28,21.3,月曜日 / 稼働率87.2% / 空床6床 / 月曜入院集中
2026-05-26,5F,34,2,1,1,6.0,3,0,3,0,"11,13,6",10,15,9,10.0,火曜日 / 稼働率72.3% / 空床13床
2026-05-26,6F,39,1,0,0,,3,0,1,2,"29,13,27",3,10,26,23.0,火曜日 / 稼働率83.0% / 空床8床
2026-05-27,5F,35,5,1,0,,4,1,0,3,"15,19,17,5",10,16,9,14.0,水曜日 / 稼働率74.5% / 空床12床
2026-05-27,6F,39,2,1,0,,2,0,0,2,"20,16",3,10,26,18.0,水曜日 / 稼働率83.0% / 空床8床
2026-05-28,5F,36,4,1,0,,3,1,0,2,"15,20,2",10,16,10,12.3,木曜日 / 稼働率76.6% / 空床11床
2026-05-28,6F,41,5,2,0,,3,1,0,2,"22,21,5",3,10,28,16.0,木曜日 / 稼働率87.2% / 空床6床
2026-05-29,5F,39,7,0,0,,4,1,1,2,"14,15,2,15",11,18,10,11.5,金曜日 / 稼働率83.0% / 空床8床 / 金曜退院集中
2026-05-29,6F,39,2,0,0,,4,1,0,3,"18,28,24,2",3,10,26,18.0,金曜日 / 稼働率83.0% / 空床8床 / 金曜退院集中
2026-05-30,5F,38,2,0,1,7.0,3,0,2,1,"16,7,14",11,17,10,12.3,土曜日 / 稼働率80.9% / 空床9床
2026-05-30,6F,39,1,0,0,,1,0,0,1,23,3,10,26,23.0,土曜日 / 稼働率83.0% / 空床8床
2026-05-31,5F,36,1,0,0,,3,1,2,0,"11,10,3",10,16,10,8.0,日曜日 / 稼働率76.6% / 空床11床
2026-05-31,6F,37,0,0,0,,2,1,1,0,"13,3",3,9,25,8.0,日曜日 / 稼働率78.7% / 空床10床
2026-06-01,5F,36,4,0,0,,4,0,2,2,"10,16,18,14",10,16,10,14.5,月曜日 / 稼働率76.6% / 空床11床 / 月曜入院集中
2026-06-01,6F,43,9,2,0,,3,0,1,2,"17,25,13",3,11,29,18.3,月曜日 / 稼働率91.5% / 空床4床 / 月曜入院集中 / 梅雨・呼吸器増
2026-06-02,5F,37,4,2,0,,3,0,3,0,"14,14,12",10,17,10,13.3,火曜日 / 稼働率78.7% / 空床10床
2026-06-02,6F,41,2,1,0,,4,0,0,4,"27,17,18,27",3,10,28,22.2,火曜日 / 稼働率87.2% / 空床6床 / 梅雨・呼吸器増
2026-06-03,5F,38,4,0,0,,3,2,1,0,"5,1,7",11,17,10,4.3,水曜日 / 稼働率80.9% / 空床9床
2026-06-03,6F,41,4,1,1,6.0,4,1,1,2,"1,22,6,29",3,10,28,14.5,水曜日 / 稼働率87.2% / 空床6床 / 梅雨・呼吸器増
2026-06-04,5F,38,3,0,0,,3,0,1,2,"20,10,18",11,17,10,16.0,木曜日 / 稼働率80.9% / 空床9床
2026-06-04,6F,43,5,0,0,,3,0,0,3,"38,28,27",3,11,29,31.0,木曜日 / 稼働率91.5% / 空床4床 / 梅雨・呼吸器増
2026-06-05,5F,38,4,0,0,,4,0,3,1,"7,15,14,11",11,17,10,11.8,金曜日 / 稼働率80.9% / 空床9床 / 金曜退院集中
2026-06-05,6F,42,2,0,0,,3,2,0,1,"21,4,4",3,10,29,9.7,金曜日 / 稼働率89.4% / 空床5床 / 金曜退院集中 / 梅雨・呼吸器増
2026-06-06,5F,37,1,0,0,,2,1,0,1,"15,4",10,17,10,9.5,土曜日 / 稼働率78.7% / 空床10床
2026-06-06,6F,44,3,1,0,,1,1,0,0,3,4,11,29,3.0,土曜日 / 稼働率93.6% / 空床3床 / 梅雨・呼吸器増
2026-06-07,5F,36,0,0,0,,1,0,0,1,26,10,16,10,26.0,日曜日 / 稼働率76.6% / 空床11床
2026-06-07,6F,46,2,0,0,,0,0,0,0,,4,12,30,0.0,日曜日 / 稼働率97.9% / 空床1床 / 梅雨・呼吸器増
2026-06-08,5F,34,2,0,0,,4,0,3,1,"10,21,10,13",10,15,9,13.5,月曜日 / 稼働率72.3% / 空床13床
2026-06-08,6F,47,2,0,0,,1,0,0,1,18,4,12,31,18.0,月曜日 / 稼働率100.0% / 空床0床 / 梅雨・呼吸器増
2026-06-09,5F,41,10,4,0,,3,0,3,0,"8,13,11",11,18,12,10.7,火曜日 / 稼働率87.2% / 空床6床
2026-06-09,6F,47,1,1,0,,1,0,0,1,19,4,12,31,19.0,火曜日 / 稼働率100.0% / 空床0床 / 梅雨・呼吸器増
2026-06-10,5F,38,1,1,0,,4,0,3,1,"13,12,19,14",11,17,10,14.5,水曜日 / 稼働率80.9% / 空床9床
2026-06-10,6F,47,2,1,0,,2,0,0,2,"30,30",4,12,31,30.0,水曜日 / 稼働率100.0% / 空床0床 / 梅雨・呼吸器増
2026-06-11,5F,40,6,1,0,,4,0,3,1,"8,14,18,7",11,18,11,11.8,木曜日 / 稼働率85.1% / 空床7床
2026-06-11,6F,47,2,1,0,,2,1,0,1,"5,26",4,12,31,15.5,木曜日 / 稼働率100.0% / 空床0床 / 梅雨・呼吸器増
2026-06-12,5F,38,2,0,0,,4,1,3,0,"13,3,11,9",11,17,10,9.0,金曜日 / 稼働率80.9% / 空床9床 / 金曜退院集中
2026-06-12,6F,44,3,0,0,,6,1,0,5,"19,18,18,20,15,3",4,11,29,15.5,金曜日 / 稼働率93.6% / 空床3床 / 金曜退院集中 / 梅雨・呼吸器増
2026-06-13,5F,37,1,0,0,,2,1,1,0,"10,2",10,17,10,6.0,土曜日 / 稼働率78.7% / 空床10床
2026-06-13,6F,45,2,0,0,,1,1,0,0,3,4,11,30,3.0,土曜日 / 稼働率95.7% / 空床2床 / 梅雨・呼吸器増
2026-06-14,5F,35,1,0,0,,3,2,1,0,"4,13,5",10,16,9,7.3,日曜日 / 稼働率74.5% / 空床12床
2026-06-14,6F,44,0,0,0,,1,0,0,1,30,4,11,29,30.0,日曜日 / 稼働率93.6% / 空床3床 / 梅雨・呼吸器増
2026-06-15,5F,32,1,1,1,6.0,4,0,2,2,"19,6,13,18",9,14,9,14.0,月曜日 / 稼働率68.1% / 空床15床
2026-06-15,6F,47,6,2,0,,3,1,0,2,"28,4,26",4,12,31,19.3,月曜日 / 稼働率100.0% / 空床0床 / 月曜入院集中 / 梅雨・呼吸器増
2026-06-16,5F,34,5,1,0,,3,0,2,1,"18,8,11",10,15,9,12.3,火曜日 / 稼働率72.3% / 空床13床
2026-06-16,6F,47,2,1,0,,2,0,0,2,"27,19",4,12,31,23.0,火曜日 / 稼働率100.0% / 空床0床 / 梅雨・呼吸器増
2026-06-17,5F,35,5,2,1,8.0,4,1,3,0,"12,8,1,8",10,16,9,7.2,水曜日 / 稼働率74.5% / 空床12床
2026-06-17,6F,46,3,0,0,,4,0,2,2,"16,16,13,11",4,12,30,14.0,水曜日 / 稼働率97.9% / 空床1床 / 梅雨・呼吸器増
2026-06-18,5F,35,3,0,0,,3,1,2,0,"3,7,9",10,16,9,6.3,木曜日 / 稼働率74.5% / 空床12床
2026-06-18,6F,45,3,1,0,,4,2,0,2,"24,21,3,3",4,11,30,12.8,木曜日 / 稼働率95.7% / 空床2床 / 梅雨・呼吸器増
2026-06-19,5F,37,5,0,0,,3,0,1,2,"7,16,17",10,17,10,13.3,金曜日 / 稼働率78.7% / 空床10床 / 金曜退院集中
2026-06-19,6F,45,3,1,0,,3,1,0,2,"21,15,3",4,11,30,13.0,金曜日 / 稼働率95.7% / 空床2床 / 金曜退院集中 / 梅雨・呼吸器増
2026-06-20,5F,36,2,0,0,,3,1,1,1,"15,11,3",10,16,10,9.7,土曜日 / 稼働率76.6% / 空床11床
2026-06-20,6F,45,0,0,0,,0,0,0,0,,4,11,30,0.0,土曜日 / 稼働率95.7% / 空床2床 / 梅雨・呼吸器増
2026-06-21,5F,34,0,0,0,,2,1,0,1,"4,17",10,15,9,10.5,日曜日 / 稼働率72.3% / 空床13床
2026-06-21,6F,45,0,0,0,,0,0,0,0,,4,11,30,0.0,日曜日 / 稼働率95.7% / 空床2床 / 梅雨・呼吸器増
2026-06-22,5F,36,5,1,0,,3,0,1,2,"21,10,18",10,16,10,16.3,月曜日 / 稼働率76.6% / 空床11床 / 月曜入院集中
2026-06-22,6F,47,6,1,0,,4,2,0,2,"27,4,3,21",4,12,31,13.8,月曜日 / 稼働率100.0% / 空床0床 / 月曜入院集中 / 梅雨・呼吸器増
2026-06-23,5F,37,4,1,0,,3,0,2,1,"17,12,7",10,17,10,12.0,火曜日 / 稼働率78.7% / 空床10床
2026-06-23,6F,46,1,0,0,,2,0,0,2,"27,22",4,12,30,24.5,火曜日 / 稼働率97.9% / 空床1床 / 梅雨・呼吸器増
2026-06-24,5F,37,3,0,0,,3,0,2,1,"8,8,16",10,17,10,10.7,水曜日 / 稼働率78.7% / 空床10床
2026-06-24,6F,47,3,0,0,,2,0,0,2,"26,23",4,12,31,24.5,水曜日 / 稼働率100.0% / 空床0床 / 梅雨・呼吸器増
2026-06-25,5F,38,4,0,0,,3,0,1,2,"25,14,26",11,17,10,21.7,木曜日 / 稼働率80.9% / 空床9床
2026-06-25,6F,47,0,0,0,,0,0,0,0,,4,12,31,0.0,木曜日 / 稼働率100.0% / 空床0床 / 梅雨・呼吸器増
2026-06-26,5F,39,4,1,0,,3,1,0,2,"17,17,4",11,18,10,12.7,金曜日 / 稼働率83.0% / 空床8床 / 金曜退院集中
2026-06-26,6F,45,2,0,0,,4,1,0,3,"33,23,22,4",4,11,30,20.5,金曜日 / 稼働率95.7% / 空床2床 / 金曜退院集中 / 梅雨・呼吸器増
2026-06-27,5F,38,1,0,0,,2,1,1,0,"4,9",11,17,10,6.5,土曜日 / 稼働率80.9% / 空床9床
2026-06-27,6F,47,2,0,0,,0,0,0,0,,4,12,31,0.0,土曜日 / 稼働率100.0% / 空床0床 / 梅雨・呼吸器増
2026-06-28,5F,37,0,0,0,,1,1,0,0,2,10,17,10,2.0,日曜日 / 稼働率78.7% / 空床10床
2026-06-28,6F,47,0,0,0,,0,0,0,0,,4,12,31,0.0,日曜日 / 稼働率100.0% / 空床0床 / 梅雨・呼吸器増
2026-06-29,5F,37,3,1,0,,3,0,2,1,"24,12,10",10,17,10,15.3,月曜日 / 稼働率78.7% / 空床10床 / 月曜入院集中
2026-06-29,6F,46,2,0,0,,3,0,0,3,"27,26,25",4,12,30,26.0,月曜日 / 稼働率97.9% / 空床1床 / 梅雨・呼吸器増
2026-06-30,5F,36,3,0,0,,4,0,2,2,"19,12,21,12",10,16,10,16.0,火曜日 / 稼働率76.6% / 空床11床
2026-06-30,6F,45,2,0,0,,3,0,0,3,"31,29,29",4,11,30,29.7,火曜日 / 稼働率95.7% / 空床2床 / 梅雨・呼吸器増
2026-07-01,5F,38,5,0,0,,3,1,1,1,"17,2,12",11,17,10,10.3,水曜日 / 稼働率80.9% / 空床9床 / 外傷・整形増
2026-07-01,6F,44,1,1,0,,2,0,0,2,"28,26",4,11,29,27.0,水曜日 / 稼働率93.6% / 空床3床 / 脱水・熱中症期
2026-07-02,5F,37,2,0,0,,3,0,2,1,"8,13,19",10,17,10,13.3,木曜日 / 稼働率78.7% / 空床10床 / 外傷・整形増
2026-07-02,6F,44,2,0,0,,2,0,0,2,"27,20",4,11,29,23.5,木曜日 / 稼働率93.6% / 空床3床 / 脱水・熱中症期
2026-07-03,5F,38,4,0,0,,3,0,3,0,"8,13,10",11,17,10,10.3,金曜日 / 稼働率80.9% / 空床9床 / 金曜退院集中 / 外傷・整形増
2026-07-03,6F,47,5,0,0,,2,0,0,2,"18,15",4,12,31,16.5,金曜日 / 稼働率100.0% / 空床0床 / 脱水・熱中症期
2026-07-04,5F,36,1,0,0,,3,0,2,1,"18,14,11",10,16,10,14.3,土曜日 / 稼働率76.6% / 空床11床 / 外傷・整形増
2026-07-04,6F,47,0,0,0,,0,0,0,0,,4,12,31,0.0,土曜日 / 稼働率100.0% / 空床0床 / 脱水・熱中症期
2026-07-05,5F,34,0,0,0,,2,0,2,0,"11,10",10,15,9,10.5,日曜日 / 稼働率72.3% / 空床13床 / 外傷・整形増
2026-07-05,6F,47,0,0,0,,0,0,0,0,,4,12,31,0.0,日曜日 / 稼働率100.0% / 空床0床 / 脱水・熱中症期
2026-07-06,5F,39,8,1,0,,3,2,1,0,"5,5,11",11,18,10,7.0,月曜日 / 稼働率83.0% / 空床8床 / 月曜入院集中 / 外傷・整形増
2026-07-06,6F,44,0,0,0,,3,0,0,3,"32,29,17",4,11,29,26.0,月曜日 / 稼働率93.6% / 空床3床 / 脱水・熱中症期
2026-07-07,5F,38,3,1,0,,4,0,3,1,"12,20,11,6",11,17,10,12.2,火曜日 / 稼働率80.9% / 空床9床 / 外傷・整形増
2026-07-07,6F,43,2,0,1,6.0,3,0,1,2,"22,20,6",3,11,29,16.0,火曜日 / 稼働率91.5% / 空床4床 / 脱水・熱中症期
2026-07-08,5F,39,5,2,0,,4,0,3,1,"21,14,12,12",11,18,10,14.8,水曜日 / 稼働率83.0% / 空床8床 / 外傷・整形増
2026-07-08,6F,42,2,0,0,,3,0,0,3,"32,21,16",3,10,29,23.0,水曜日 / 稼働率89.4% / 空床5床 / 脱水・熱中症期
2026-07-09,5F,38,3,0,0,,4,1,1,2,"8,28,17,1",11,17,10,13.5,木曜日 / 稼働率80.9% / 空床9床 / 外傷・整形増
2026-07-09,6F,38,0,0,0,,4,0,0,4,"32,27,26,20",3,10,25,26.2,木曜日 / 稼働率80.9% / 空床9床 / 脱水・熱中症期
2026-07-10,5F,34,0,0,0,,4,1,2,1,"21,8,4,7",10,15,9,10.0,金曜日 / 稼働率72.3% / 空床13床 / 金曜退院集中 / 外傷・整形増
2026-07-10,6F,42,5,0,0,,1,0,0,1,16,3,10,29,16.0,金曜日 / 稼働率89.4% / 空床5床 / 脱水・熱中症期
2026-07-11,5F,33,0,0,0,,1,1,0,0,4,9,15,9,4.0,土曜日 / 稼働率70.2% / 空床14床 / 外傷・整形増
2026-07-11,6F,42,0,0,0,,0,0,0,0,,3,10,29,0.0,土曜日 / 稼働率89.4% / 空床5床 / 脱水・熱中症期
2026-07-12,5F,32,1,0,0,,2,0,1,1,"20,13",9,14,9,16.5,日曜日 / 稼働率68.1% / 空床15床 / 外傷・整形増
2026-07-12,6F,43,2,0,0,,1,0,0,1,34,3,11,29,34.0,日曜日 / 稼働率91.5% / 空床4床 / 脱水・熱中症期
2026-07-13,5F,32,3,2,0,,3,1,1,1,"5,16,11",9,14,9,10.7,月曜日 / 稼働率68.1% / 空床15床 / 月曜入院集中 / 外傷・整形増
2026-07-13,6F,41,2,0,0,,4,0,1,3,"10,27,21,31",3,10,28,22.2,月曜日 / 稼働率87.2% / 空床6床 / 脱水・熱中症期
2026-07-14,5F,34,5,1,0,,3,0,1,2,"22,8,25",10,15,9,18.3,火曜日 / 稼働率72.3% / 空床13床 / 外傷・整形増
2026-07-14,6F,42,5,0,0,,4,0,1,3,"20,29,22,12",3,10,29,20.8,火曜日 / 稼働率89.4% / 空床5床 / 脱水・熱中症期
2026-07-15,5F,36,5,2,0,,3,0,1,2,"23,9,15",10,16,10,15.7,水曜日 / 稼働率76.6% / 空床11床 / 外傷・整形増
2026-07-15,6F,42,3,1,0,,3,0,0,3,"32,35,22",3,10,29,29.7,水曜日 / 稼働率89.4% / 空床5床 / 脱水・熱中症期
2026-07-16,5F,37,6,0,1,8.0,5,1,3,1,"16,3,9,12,8",10,17,10,9.6,木曜日 / 稼働率78.7% / 空床10床 / 海の日前(2日前) / 外傷・整形増
2026-07-16,6F,39,2,1,0,,5,1,0,4,"35,16,38,1,19",3,10,26,21.8,木曜日 / 稼働率83.0% / 空床8床 / 海の日前(2日前) / 脱水・熱中症期
2026-07-17,5F,37,5,1,0,,5,1,1,3,"11,17,16,24,3",10,17,10,14.2,金曜日 / 稼働率78.7% / 空床10床 / 海の日前(1日前) / 金曜退院集中 / 外傷・整形増
2026-07-17,6F,40,6,2,0,,5,0,0,5,"32,29,23,21,25",3,10,27,26.0,金曜日 / 稼働率85.1% / 空床7床 / 海の日前(1日前) / 金曜退院集中 / 脱水・熱中症期
2026-07-18,5F,34,0,0,0,,3,2,1,0,"4,12,5",10,15,9,7.0,土曜日 / 稼働率72.3% / 空床13床 / 海の日中 / 外傷・整形増
2026-07-18,6F,39,0,0,0,,1,1,0,0,1,3,10,26,1.0,土曜日 / 稼働率83.0% / 空床8床 / 海の日中 / 脱水・熱中症期
2026-07-19,5F,31,0,0,0,,3,2,1,0,"4,13,2",9,14,8,6.3,日曜日 / 稼働率66.0% / 空床16床 / 海の日中 / 外傷・整形増
2026-07-19,6F,40,1,1,0,,0,0,0,0,,3,10,27,0.0,日曜日 / 稼働率85.1% / 空床7床 / 海の日中 / 脱水・熱中症期
2026-07-20,5F,28,0,0,0,,3,0,3,0,"11,12,6",8,13,7,9.7,月曜日 / 稼働率59.6% / 空床19床 / 海の日中 / 外傷・整形増
2026-07-20,6F,40,2,0,0,,2,0,1,1,"17,10",3,10,27,13.5,月曜日 / 稼働率85.1% / 空床7床 / 海の日中 / 脱水・熱中症期
2026-07-21,5F,34,8,1,0,,2,0,0,2,"22,15",10,15,9,18.5,火曜日 / 稼働率72.3% / 空床13床 / 海の日明け1日目 / 外傷・整形増
2026-07-21,6F,41,3,1,0,,2,2,0,0,"5,4",3,10,28,4.5,火曜日 / 稼働率87.2% / 空床6床 / 海の日明け1日目 / 脱水・熱中症期
2026-07-22,5F,40,8,2,1,7.0,2,0,1,1,"7,19",11,18,11,13.0,水曜日 / 稼働率85.1% / 空床7床 / 海の日明け2日目 / 外傷・整形増
2026-07-22,6F,46,7,0,0,,2,0,0,2,"30,19",4,12,30,24.5,水曜日 / 稼働率97.9% / 空床1床 / 海の日明け2日目 / 脱水・熱中症期
2026-07-23,5F,43,6,0,0,,3,1,0,2,"1,16,15",12,19,12,10.7,木曜日 / 稼働率91.5% / 空床4床 / 海の日明け3日目 / 外傷・整形増
2026-07-23,6F,45,2,0,0,,3,0,0,3,"16,36,20",4,11,30,24.0,木曜日 / 稼働率95.7% / 空床2床 / 海の日明け3日目 / 脱水・熱中症期
2026-07-24,5F,44,5,1,0,,4,0,1,3,"21,9,18,15",12,20,12,15.8,金曜日 / 稼働率93.6% / 空床3床 / 金曜退院集中 / 外傷・整形増
2026-07-24,6F,44,3,1,0,,4,2,2,0,"3,11,10,5",4,11,29,7.2,金曜日 / 稼働率93.6% / 空床3床 / 金曜退院集中 / 脱水・熱中症期
2026-07-25,5F,42,1,0,0,,3,2,1,0,"1,9,3",12,19,11,4.3,土曜日 / 稼働率89.4% / 空床5床 / 外傷・整形増
2026-07-25,6F,45,1,0,0,,0,0,0,0,,4,11,30,0.0,土曜日 / 稼働率95.7% / 空床2床 / 脱水・熱中症期
2026-07-26,5F,40,0,0,0,,2,0,2,0,"9,12",11,18,11,10.5,日曜日 / 稼働率85.1% / 空床7床 / 外傷・整形増
2026-07-26,6F,45,1,0,0,,1,1,0,0,2,4,11,30,2.0,日曜日 / 稼働率95.7% / 空床2床 / 脱水・熱中症期
2026-07-27,5F,40,4,1,0,,4,0,2,2,"18,11,11,24",11,18,11,16.0,月曜日 / 稼働率85.1% / 空床7床 / 月曜入院集中 / 外傷・整形増
2026-07-27,6F,41,0,0,0,,4,0,0,4,"31,17,24,27",3,10,28,24.8,月曜日 / 稼働率87.2% / 空床6床 / 脱水・熱中症期
2026-07-28,5F,40,3,0,0,,3,1,2,0,"1,11,6",11,18,11,6.0,火曜日 / 稼働率85.1% / 空床7床 / 外傷・整形増
2026-07-28,6F,44,5,0,0,,2,0,0,2,"29,16",4,11,29,22.5,火曜日 / 稼働率93.6% / 空床3床 / 脱水・熱中症期
2026-07-29,5F,41,4,0,1,8.0,3,0,2,1,"13,15,8",11,18,12,12.0,水曜日 / 稼働率87.2% / 空床6床 / 外傷・整形増
2026-07-29,6F,44,1,0,0,,1,0,0,1,30,4,11,29,30.0,水曜日 / 稼働率93.6% / 空床3床 / 脱水・熱中症期
2026-07-30,5F,41,4,2,0,,4,0,3,1,"14,7,15,14",11,18,12,12.5,木曜日 / 稼働率87.2% / 空床6床 / 外傷・整形増
2026-07-30,6F,46,3,0,0,,1,0,0,1,28,4,12,30,28.0,木曜日 / 稼働率97.9% / 空床1床 / 脱水・熱中症期
2026-07-31,5F,40,3,0,0,,4,0,3,1,"9,7,10,19",11,18,11,11.2,金曜日 / 稼働率85.1% / 空床7床 / 金曜退院集中 / 外傷・整形増
2026-07-31,6F,44,3,1,0,,5,0,0,5,"21,19,16,16,34",4,11,29,21.2,金曜日 / 稼働率93.6% / 空床3床 / 金曜退院集中 / 脱水・熱中症期
2026-08-01,5F,40,1,0,0,,1,1,0,0,2,11,18,11,2.0,土曜日 / 稼働率85.1% / 空床7床 / 外傷・整形増
2026-08-01,6F,43,0,0,0,,1,0,0,1,22,3,11,29,22.0,土曜日 / 稼働率91.5% / 空床4床 / 脱水・熱中症期
2026-08-02,5F,40,3,0,0,,3,0,1,2,"16,16,10",11,18,11,14.0,日曜日 / 稼働率85.1% / 空床7床 / 外傷・整形増
2026-08-02,6F,45,2,0,0,,0,0,0,0,,4,11,30,0.0,日曜日 / 稼働率95.7% / 空床2床 / 脱水・熱中症期
2026-08-03,5F,38,1,0,0,,3,0,2,1,"21,11,13",11,17,10,15.0,月曜日 / 稼働率80.9% / 空床9床 / 外傷・整形増
2026-08-03,6F,46,3,1,0,,2,0,0,2,"27,21",4,12,30,24.0,月曜日 / 稼働率97.9% / 空床1床 / 月曜入院集中 / 脱水・熱中症期
2026-08-04,5F,39,4,0,0,,3,0,3,0,"14,6,13",11,18,10,11.0,火曜日 / 稼働率83.0% / 空床8床 / 外傷・整形増
2026-08-04,6F,47,3,0,0,,2,1,1,0,"13,4",4,12,31,8.5,火曜日 / 稼働率100.0% / 空床0床 / 脱水・熱中症期
2026-08-05,5F,37,2,0,0,,4,0,3,1,"15,13,14,13",10,17,10,13.8,水曜日 / 稼働率78.7% / 空床10床 / 外傷・整形増
2026-08-05,6F,44,0,0,0,,3,1,0,2,"19,16,2",4,11,29,12.3,水曜日 / 稼働率93.6% / 空床3床 / 脱水・熱中症期
2026-08-06,5F,36,2,1,0,,3,0,2,1,"9,15,8",10,16,10,10.7,木曜日 / 稼働率76.6% / 空床11床 / 外傷・整形増
2026-08-06,6F,41,0,0,0,,3,0,0,3,"29,23,27",3,10,28,26.3,木曜日 / 稼働率87.2% / 空床6床 / 脱水・熱中症期
2026-08-07,5F,34,2,0,1,8.0,4,1,2,1,"8,1,7,17",10,15,9,8.2,金曜日 / 稼働率72.3% / 空床13床 / 金曜退院集中 / 外傷・整形増
2026-08-07,6F,39,2,0,0,,4,0,1,3,"24,16,15,14",3,10,26,17.2,金曜日 / 稼働率83.0% / 空床8床 / 金曜退院集中 / 脱水・熱中症期
2026-08-08,5F,34,2,0,0,,2,0,1,1,"9,24",10,15,9,16.5,土曜日 / 稼働率72.3% / 空床13床 / 外傷・整形増
2026-08-08,6F,40,2,0,0,,1,0,0,1,31,3,10,27,31.0,土曜日 / 稼働率85.1% / 空床7床 / 脱水・熱中症期
2026-08-09,5F,37,3,0,0,,0,0,0,0,,10,17,10,0.0,日曜日 / 稼働率78.7% / 空床10床 / 外傷・整形増
2026-08-09,6F,42,2,0,0,,0,0,0,0,,3,10,29,0.0,日曜日 / 稼働率89.4% / 空床5床 / 脱水・熱中症期
2026-08-10,5F,37,3,1,0,,3,0,3,0,"13,12,9",10,17,10,11.3,月曜日 / 稼働率78.7% / 空床10床 / 月曜入院集中 / 外傷・整形増
2026-08-10,6F,43,3,0,0,,2,0,0,2,"27,24",3,11,29,25.5,月曜日 / 稼働率91.5% / 空床4床 / 月曜入院集中 / 脱水・熱中症期
2026-08-11,5F,32,0,0,0,,5,0,1,4,"11,21,20,18,21",9,14,9,18.2,火曜日 / 稼働率68.1% / 空床15床 / お盆前(2日前) / 外傷・整形増
2026-08-11,6F,40,1,0,0,,4,0,0,4,"17,25,21,20",3,10,27,20.8,火曜日 / 稼働率85.1% / 空床7床 / お盆前(2日前) / 脱水・熱中症期
2026-08-12,5F,31,3,0,0,,4,1,1,2,"15,19,8,2",9,14,8,11.0,水曜日 / 稼働率66.0% / 空床16床 / お盆前(1日前) / 外傷・整形増
2026-08-12,6F,39,2,1,0,,3,0,1,2,"21,20,9",3,10,26,16.7,水曜日 / 稼働率83.0% / 空床8床 / お盆前(1日前) / 脱水・熱中症期
2026-08-13,5F,30,2,0,0,,3,0,1,2,"11,17,19",8,14,8,15.7,木曜日 / 稼働率63.8% / 空床17床 / お盆中 / 外傷・整形増
2026-08-13,6F,41,3,0,0,,1,1,0,0,1,3,10,28,1.0,木曜日 / 稼働率87.2% / 空床6床 / お盆中 / 脱水・熱中症期
2026-08-14,5F,27,0,0,0,,3,0,1,2,"16,15,12",8,12,7,14.3,金曜日 / 稼働率57.4% / 空床20床 / お盆中 / 金曜退院集中 / 外傷・整形増
2026-08-14,6F,40,1,1,0,,2,0,1,1,"12,21",3,10,27,16.5,金曜日 / 稼働率85.1% / 空床7床 / お盆中 / 脱水・熱中症期
2026-08-15,5F,26,0,0,0,,1,0,1,0,8,7,12,7,8.0,土曜日 / 稼働率55.3% / 空床21床 / お盆中 / 外傷・整形増
2026-08-15,6F,40,0,0,0,,0,0,0,0,,3,10,27,0.0,土曜日 / 稼働率85.1% / 空床7床 / お盆中 / 脱水・熱中症期
2026-08-16,5F,25,0,0,0,,1,0,0,1,20,7,11,7,20.0,日曜日 / 稼働率53.2% / 空床22床 / お盆中 / 外傷・整形増
2026-08-16,6F,41,1,0,0,,0,0,0,0,,3,10,28,0.0,日曜日 / 稼働率87.2% / 空床6床 / お盆中 / 脱水・熱中症期
2026-08-17,5F,30,7,2,0,,2,0,2,0,"11,12",8,14,8,11.5,月曜日 / 稼働率63.8% / 空床17床 / お盆明け1日目 / 月曜入院集中 / 外傷・整形増
2026-08-17,6F,46,7,1,0,,2,0,0,2,"28,31",4,12,30,29.5,月曜日 / 稼働率97.9% / 空床1床 / お盆明け1日目 / 月曜入院集中 / 脱水・熱中症期
2026-08-18,5F,40,12,1,0,,2,0,1,1,"22,13",11,18,11,17.5,火曜日 / 稼働率85.1% / 空床7床 / お盆明け2日目 / 外傷・整形増
2026-08-18,6F,45,1,0,0,,2,1,0,1,"27,4",4,11,30,15.5,火曜日 / 稼働率95.7% / 空床2床 / お盆明け2日目 / 脱水・熱中症期
2026-08-19,5F,44,7,0,0,,3,0,1,2,"16,11,26",12,20,12,17.7,水曜日 / 稼働率93.6% / 空床3床 / お盆明け3日目 / 外傷・整形増
2026-08-19,6F,44,2,0,0,,3,0,0,3,"15,15,16",4,11,29,15.3,水曜日 / 稼働率93.6% / 空床3床 / お盆明け3日目 / 脱水・熱中症期
2026-08-20,5F,43,3,0,0,,4,1,2,1,"7,20,8,2",12,19,12,9.2,木曜日 / 稼働率91.5% / 空床4床 / 外傷・整形増
2026-08-20,6F,42,2,1,0,,4,0,0,4,"35,23,20,21",3,10,29,24.8,木曜日 / 稼働率89.4% / 空床5床 / 脱水・熱中症期
2026-08-21,5F,40,1,0,0,,4,1,1,2,"17,3,11,19",11,18,11,12.5,金曜日 / 稼働率85.1% / 空床7床 / 金曜退院集中 / 外傷・整形増
2026-08-21,6F,38,0,0,0,,4,0,1,3,"24,22,14,26",3,10,25,21.5,金曜日 / 稼働率80.9% / 空床9床 / 金曜退院集中 / 脱水・熱中症期
2026-08-22,5F,37,0,0,0,,3,2,0,1,"5,18,5",10,17,10,9.3,土曜日 / 稼働率78.7% / 空床10床 / 外傷・整形増
2026-08-22,6F,36,0,0,0,,2,1,0,1,"5,20",3,9,24,12.5,土曜日 / 稼働率76.6% / 空床11床 / 脱水・熱中症期
2026-08-23,5F,36,0,0,0,,1,0,0,1,31,10,16,10,31.0,日曜日 / 稼働率76.6% / 空床11床 / 外傷・整形増
2026-08-23,6F,35,1,0,0,,2,0,1,1,"14,25",3,9,23,19.5,日曜日 / 稼働率74.5% / 空床12床 / 脱水・熱中症期
2026-08-24,5F,39,6,3,0,,3,0,2,1,"20,6,7",11,18,10,11.0,月曜日 / 稼働率83.0% / 空床8床 / 月曜入院集中 / 外傷・整形増
2026-08-24,6F,35,3,1,0,,3,0,1,2,"7,20,25",3,9,23,17.3,月曜日 / 稼働率74.5% / 空床12床 / 月曜入院集中 / 脱水・熱中症期
2026-08-25,5F,37,2,0,0,,4,0,2,2,"6,16,16,6",10,17,10,11.0,火曜日 / 稼働率78.7% / 空床10床 / 外傷・整形増
2026-08-25,6F,33,2,0,0,,4,1,0,3,"17,5,28,34",3,8,22,21.0,火曜日 / 稼働率70.2% / 空床14床 / 脱水・熱中症期
2026-08-26,5F,35,1,0,0,,3,1,1,1,"14,2,17",10,16,9,11.0,水曜日 / 稼働率74.5% / 空床12床 / 外傷・整形増
2026-08-26,6F,35,5,2,0,,3,1,1,1,"29,10,2",3,9,23,13.7,水曜日 / 稼働率74.5% / 空床12床 / 脱水・熱中症期
2026-08-27,5F,35,4,1,0,,4,0,3,1,"9,7,7,15",10,16,9,9.5,木曜日 / 稼働率74.5% / 空床12床 / 外傷・整形増
2026-08-27,6F,34,2,0,0,,3,0,1,2,"44,30,14",3,8,23,29.3,木曜日 / 稼働率72.3% / 空床13床 / 脱水・熱中症期
2026-08-28,5F,34,2,1,0,,3,1,2,0,"10,11,4",10,15,9,8.3,金曜日 / 稼働率72.3% / 空床13床 / 金曜退院集中 / 外傷・整形増
2026-08-28,6F,34,3,1,0,,3,1,0,2,"21,19,2",3,8,23,14.0,金曜日 / 稼働率72.3% / 空床13床 / 金曜退院集中 / 脱水・熱中症期
2026-08-29,5F,32,1,0,0,,3,1,2,0,"11,5,10",9,14,9,8.7,土曜日 / 稼働率68.1% / 空床15床 / 外傷・整形増
2026-08-29,6F,33,0,0,0,,1,1,0,0,3,3,8,22,3.0,土曜日 / 稼働率70.2% / 空床14床 / 脱水・熱中症期
2026-08-30,5F,32,1,0,0,,1,1,0,0,3,9,14,9,3.0,日曜日 / 稼働率68.1% / 空床15床 / 外傷・整形増
2026-08-30,6F,34,2,0,0,,1,1,0,0,2,3,8,23,2.0,日曜日 / 稼働率72.3% / 空床13床 / 脱水・熱中症期
2026-08-31,5F,30,2,0,0,,4,0,4,0,"12,13,13,13",8,14,8,12.8,月曜日 / 稼働率63.8% / 空床17床 / 外傷・整形増
2026-08-31,6F,32,3,0,0,,5,0,1,4,"41,40,20,23,7",3,8,21,26.2,月曜日 / 稼働率68.1% / 空床15床 / 月曜入院集中 / 脱水・熱中症期
2026-09-01,5F,32,5,0,0,,3,0,2,1,"13,15,14",9,14,9,14.0,火曜日 / 稼働率68.1% / 空床15床
2026-09-01,6F,33,2,0,0,,1,0,0,1,22,3,8,22,22.0,火曜日 / 稼働率70.2% / 空床14床
2026-09-02,5F,31,2,2,0,,3,0,0,3,"26,16,23",9,14,8,21.7,水曜日 / 稼働率66.0% / 空床16床
2026-09-02,6F,41,8,0,0,,0,0,0,0,,3,10,28,0.0,水曜日 / 稼働率87.2% / 空床6床
2026-09-03,5F,30,2,0,0,,3,0,1,2,"16,15,10",8,14,8,13.7,木曜日 / 稼働率63.8% / 空床17床
2026-09-03,6F,43,4,0,0,,2,0,0,2,"21,34",3,11,29,27.5,木曜日 / 稼働率91.5% / 空床4床
2026-09-04,5F,30,4,0,0,,4,0,0,4,"16,22,18,17",8,14,8,18.2,金曜日 / 稼働率63.8% / 空床17床 / 金曜退院集中
2026-09-04,6F,42,2,0,0,,3,0,0,3,"25,23,22",3,10,29,23.3,金曜日 / 稼働率89.4% / 空床5床 / 金曜退院集中
2026-09-05,5F,30,3,0,1,8.0,3,1,2,0,"3,8,12",8,14,8,7.7,土曜日 / 稼働率63.8% / 空床17床
2026-09-05,6F,42,0,0,0,,0,0,0,0,,3,10,29,0.0,土曜日 / 稼働率89.4% / 空床5床
2026-09-06,5F,29,2,0,0,,3,1,0,2,"4,16,17",8,13,8,12.3,日曜日 / 稼働率61.7% / 空床18床
2026-09-06,6F,44,2,0,0,,0,0,0,0,,4,11,29,0.0,日曜日 / 稼働率93.6% / 空床3床
2026-09-07,5F,27,2,0,0,,4,0,4,0,"10,6,13,8",8,12,7,9.2,月曜日 / 稼働率57.4% / 空床20床
2026-09-07,6F,44,3,0,0,,3,0,0,3,"28,19,15",4,11,29,20.7,月曜日 / 稼働率93.6% / 空床3床 / 月曜入院集中
2026-09-08,5F,30,6,2,0,,3,0,2,1,"12,31,14",8,14,8,19.0,火曜日 / 稼働率63.8% / 空床17床
2026-09-08,6F,44,2,0,0,,2,0,0,2,"22,22",4,11,29,22.0,火曜日 / 稼働率93.6% / 空床3床
2026-09-09,5F,31,3,0,0,,2,0,2,0,"13,14",9,14,8,13.5,水曜日 / 稼働率66.0% / 空床16床
2026-09-09,6F,45,4,1,0,,3,0,0,3,"23,23,22",4,11,30,22.7,水曜日 / 稼働率95.7% / 空床2床
2026-09-10,5F,35,5,2,0,,1,1,0,0,2,10,16,9,2.0,木曜日 / 稼働率74.5% / 空床12床
2026-09-10,6F,42,0,0,0,,3,0,2,1,"21,14,13",3,10,29,16.0,木曜日 / 稼働率89.4% / 空床5床
2026-09-11,5F,37,5,0,0,,3,0,2,1,"15,10,10",10,17,10,11.7,金曜日 / 稼働率78.7% / 空床10床 / 金曜退院集中
2026-09-11,6F,42,1,0,0,,1,0,0,1,25,3,10,29,25.0,金曜日 / 稼働率89.4% / 空床5床
2026-09-12,5F,35,0,0,0,,2,1,1,0,"4,12",10,16,9,8.0,土曜日 / 稼働率74.5% / 空床12床
2026-09-12,6F,40,0,0,0,,2,0,0,2,"19,17",3,10,27,18.0,土曜日 / 稼働率85.1% / 空床7床
2026-09-13,5F,33,0,0,0,,2,2,0,0,"3,3",9,15,9,3.0,日曜日 / 稼働率70.2% / 空床14床
2026-09-13,6F,40,1,0,0,,1,1,0,0,4,3,10,27,4.0,日曜日 / 稼働率85.1% / 空床7床
2026-09-14,5F,36,6,1,0,,3,0,3,0,"7,11,13",10,16,10,10.3,月曜日 / 稼働率76.6% / 空床11床 / 月曜入院集中
2026-09-14,6F,43,6,0,0,,3,0,2,1,"19,7,11",3,11,29,12.3,月曜日 / 稼働率91.5% / 空床4床 / 月曜入院集中
2026-09-15,5F,37,5,0,0,,4,0,3,1,"7,9,11,22",10,17,10,12.2,火曜日 / 稼働率78.7% / 空床10床
2026-09-15,6F,42,1,0,0,,2,0,0,2,"27,21",3,10,29,24.0,火曜日 / 稼働率89.4% / 空床5床
2026-09-16,5F,40,6,1,0,,3,0,2,1,"15,12,11",11,18,11,12.7,水曜日 / 稼働率85.1% / 空床7床
2026-09-16,6F,39,1,1,0,,4,0,2,2,"22,17,14,14",3,10,26,16.8,水曜日 / 稼働率83.0% / 空床8床
2026-09-17,5F,40,5,3,0,,5,0,4,1,"8,10,9,19,12",11,18,11,11.6,木曜日 / 稼働率85.1% / 空床7床 / 敬老の日前(2日前)
2026-09-17,6F,42,4,1,0,,1,1,0,0,1,3,10,29,1.0,木曜日 / 稼働率89.4% / 空床5床 / 敬老の日前(2日前)
2026-09-18,5F,36,1,0,0,,5,2,2,1,"7,18,2,1,8",10,16,10,7.2,金曜日 / 稼働率76.6% / 空床11床 / 敬老の日前(1日前) / 金曜退院集中
2026-09-18,6F,38,2,0,0,,6,1,0,5,"23,18,18,17,15,1",3,10,25,15.3,金曜日 / 稼働率80.9% / 空床9床 / 敬老の日前(1日前) / 金曜退院集中
2026-09-19,5F,34,1,0,0,,3,2,1,0,"5,14,2",10,15,9,7.0,土曜日 / 稼働率72.3% / 空床13床 / 敬老の日中
2026-09-19,6F,39,1,0,0,,0,0,0,0,,3,10,26,0.0,土曜日 / 稼働率83.0% / 空床8床 / 敬老の日中
2026-09-20,5F,32,1,0,0,,3,0,3,0,"9,10,14",9,14,9,11.0,日曜日 / 稼働率68.1% / 空床15床 / 敬老の日中
2026-09-20,6F,39,0,0,0,,0,0,0,0,,3,10,26,0.0,日曜日 / 稼働率83.0% / 空床8床 / 敬老の日中
2026-09-21,5F,30,1,0,0,,3,0,2,1,"13,11,17",8,14,8,13.7,月曜日 / 稼働率63.8% / 空床17床 / 敬老の日中
2026-09-21,6F,39,3,0,0,,3,0,0,3,"19,19,18",3,10,26,18.7,月曜日 / 稼働率83.0% / 空床8床 / 敬老の日中 / 月曜入院集中
2026-09-22,5F,28,2,0,0,,4,1,2,1,"19,8,6,5",8,13,7,9.5,火曜日 / 稼働率59.6% / 空床19床 / 敬老の日中
2026-09-22,6F,41,3,1,0,,1,0,0,1,19,3,10,28,19.0,火曜日 / 稼働率87.2% / 空床6床 / 敬老の日中
2026-09-23,5F,30,4,0,0,,2,0,1,1,"9,19",8,14,8,14.0,水曜日 / 稼働率63.8% / 空床17床 / 敬老の日中
2026-09-23,6F,42,2,0,0,,1,1,0,0,1,3,10,29,1.0,水曜日 / 稼働率89.4% / 空床5床 / 敬老の日中
2026-09-24,5F,36,8,1,0,,2,0,2,0,"13,8",10,16,10,10.5,木曜日 / 稼働率76.6% / 空床11床 / 敬老の日明け1日目
2026-09-24,6F,43,3,1,0,,2,0,0,2,"22,22",3,11,29,22.0,木曜日 / 稼働率91.5% / 空床4床 / 敬老の日明け1日目
2026-09-25,5F,38,4,2,0,,2,0,2,0,"9,14",11,17,10,11.5,金曜日 / 稼働率80.9% / 空床9床 / 敬老の日明け2日目
2026-09-25,6F,44,3,0,0,,2,0,0,2,"26,16",4,11,29,21.0,金曜日 / 稼働率93.6% / 空床3床 / 敬老の日明け2日目
2026-09-26,5F,37,1,0,0,,2,2,0,0,"2,1",10,17,10,1.5,土曜日 / 稼働率78.7% / 空床10床 / 敬老の日明け3日目
2026-09-26,6F,45,2,0,0,,1,0,0,1,24,4,11,30,24.0,土曜日 / 稼働率95.7% / 空床2床 / 敬老の日明け3日目
2026-09-27,5F,36,2,0,0,,3,1,1,1,"10,18,2",10,16,10,10.0,日曜日 / 稼働率76.6% / 空床11床
2026-09-27,6F,45,2,0,0,,2,1,0,1,"3,26",4,11,30,14.5,日曜日 / 稼働率95.7% / 空床2床
2026-09-28,5F,37,5,0,0,,4,0,2,2,"13,20,13,17",10,17,10,15.8,月曜日 / 稼働率78.7% / 空床10床 / 月曜入院集中
2026-09-28,6F,47,5,2,0,,3,0,0,3,"22,20,19",4,12,31,20.3,月曜日 / 稼働率100.0% / 空床0床 / 月曜入院集中
2026-09-29,5F,35,2,0,0,,4,1,2,1,"11,9,15,5",10,16,9,10.0,火曜日 / 稼働率74.5% / 空床12床
2026-09-29,6F,45,2,0,0,,4,0,0,4,"29,27,32,33",4,11,30,30.2,火曜日 / 稼働率95.7% / 空床2床
2026-09-30,5F,34,3,1,0,,4,0,3,1,"14,8,21,9",10,15,9,13.0,水曜日 / 稼働率72.3% / 空床13床
2026-09-30,6F,47,3,0,0,,1,1,0,0,2,4,12,31,2.0,水曜日 / 稼働率100.0% / 空床0床
2026-10-01,5F,35,3,1,0,,2,0,0,2,"17,16",10,16,9,16.5,木曜日 / 稼働率74.5% / 空床12床
2026-10-01,6F,47,4,0,0,,4,0,0,4,"27,25,24,17",4,12,31,23.2,木曜日 / 稼働率100.0% / 空床0床 / 呼吸器感染期入り
2026-10-02,5F,35,3,1,0,,3,0,2,1,"17,10,9",10,16,9,12.0,金曜日 / 稼働率74.5% / 空床12床 / 金曜退院集中
2026-10-02,6F,45,1,0,0,,3,1,1,1,"15,10,4",4,11,30,9.7,金曜日 / 稼働率95.7% / 空床2床 / 金曜退院集中 / 呼吸器感染期入り
2026-10-03,5F,34,0,0,0,,1,1,0,0,2,10,15,9,2.0,土曜日 / 稼働率72.3% / 空床13床
2026-10-03,6F,46,2,1,0,,1,0,0,1,26,4,12,30,26.0,土曜日 / 稼働率97.9% / 空床1床 / 呼吸器感染期入り
2026-10-04,5F,34,1,0,0,,1,0,0,1,19,10,15,9,19.0,日曜日 / 稼働率72.3% / 空床13床
2026-10-04,6F,47,1,0,0,,0,0,0,0,,4,12,31,0.0,日曜日 / 稼働率100.0% / 空床0床 / 呼吸器感染期入り
2026-10-05,5F,36,5,1,0,,3,2,0,1,"16,5,3",10,16,10,8.0,月曜日 / 稼働率76.6% / 空床11床 / 月曜入院集中
2026-10-05,6F,47,3,0,0,,3,0,1,2,"14,21,27",4,12,31,20.7,月曜日 / 稼働率100.0% / 空床0床 / 月曜入院集中 / 呼吸器感染期入り
2026-10-06,5F,39,6,1,0,,3,0,3,0,"12,12,10",11,18,10,11.3,火曜日 / 稼働率83.0% / 空床8床
2026-10-06,6F,45,1,0,0,,3,0,1,2,"19,17,11",4,11,30,15.7,火曜日 / 稼働率95.7% / 空床2床 / 呼吸器感染期入り
2026-10-07,5F,41,5,1,0,,3,0,3,0,"10,9,13",11,18,12,10.7,水曜日 / 稼働率87.2% / 空床6床
2026-10-07,6F,47,4,0,0,,2,0,0,2,"23,33",4,12,31,28.0,水曜日 / 稼働率100.0% / 空床0床 / 呼吸器感染期入り
2026-10-08,5F,38,2,0,0,,5,1,4,0,"14,2,14,13,7",11,17,10,10.0,木曜日 / 稼働率80.9% / 空床9床 / スポーツの日前(2日前)
2026-10-08,6F,42,2,0,0,,7,1,2,4,"23,14,7,5,29,25,21",3,10,29,17.7,木曜日 / 稼働率89.4% / 空床5床 / スポーツの日前(2日前) / 呼吸器感染期入り
2026-10-09,5F,33,1,0,0,,6,1,3,2,"7,23,9,2,15,14",9,15,9,11.7,金曜日 / 稼働率70.2% / 空床14床 / スポーツの日前(1日前) / 金曜退院集中
2026-10-09,6F,40,0,0,0,,2,0,0,2,"28,25",3,10,27,26.5,金曜日 / 稼働率85.1% / 空床7床 / スポーツの日前(1日前) / 呼吸器感染期入り
2026-10-10,5F,32,1,0,0,,2,1,1,0,"5,11",9,14,9,8.0,土曜日 / 稼働率68.1% / 空床15床 / スポーツの日中
2026-10-10,6F,41,1,1,0,,0,0,0,0,,3,10,28,0.0,土曜日 / 稼働率87.2% / 空床6床 / スポーツの日中 / 呼吸器感染期入り
2026-10-11,5F,31,1,0,0,,2,1,0,1,"27,4",9,14,8,15.5,日曜日 / 稼働率66.0% / 空床16床 / スポーツの日中
2026-10-11,6F,40,0,0,0,,1,1,0,0,1,3,10,27,1.0,日曜日 / 稼働率85.1% / 空床7床 / スポーツの日中 / 呼吸器感染期入り
2026-10-12,5F,30,3,1,0,,4,0,1,3,"15,25,19,10",8,14,8,17.2,月曜日 / 稼働率63.8% / 空床17床 / スポーツの日中 / 月曜入院集中
2026-10-12,6F,39,0,0,0,,1,0,0,1,19,3,10,26,19.0,月曜日 / 稼働率83.0% / 空床8床 / スポーツの日中 / 呼吸器感染期入り
2026-10-13,5F,37,9,2,0,,2,0,0,2,"20,15",10,17,10,17.5,火曜日 / 稼働率78.7% / 空床10床 / スポーツの日明け1日目
2026-10-13,6F,43,6,0,0,,2,0,0,2,"21,19",3,11,29,20.0,火曜日 / 稼働率91.5% / 空床4床 / スポーツの日明け1日目 / 呼吸器感染期入り
2026-10-14,5F,36,1,0,0,,2,0,1,1,"16,13",10,16,10,14.5,水曜日 / 稼働率76.6% / 空床11床 / スポーツの日明け2日目
2026-10-14,6F,44,3,0,0,,2,0,0,2,"21,17",4,11,29,19.0,水曜日 / 稼働率93.6% / 空床3床 / スポーツの日明け2日目 / 呼吸器感染期入り
2026-10-15,5F,36,3,1,0,,3,1,1,1,"22,2,11",10,16,10,11.7,木曜日 / 稼働率76.6% / 空床11床 / スポーツの日明け3日目
2026-10-15,6F,43,2,0,0,,3,0,0,3,"31,24,31",3,11,29,28.7,木曜日 / 稼働率91.5% / 空床4床 / スポーツの日明け3日目 / 呼吸器感染期入り
2026-10-16,5F,36,3,1,0,,3,2,1,0,"4,3,11",10,16,10,6.0,金曜日 / 稼働率76.6% / 空床11床 / 金曜退院集中
2026-10-16,6F,41,1,0,0,,3,0,0,3,"20,18,16",3,10,28,18.0,金曜日 / 稼働率87.2% / 空床6床 / 金曜退院集中 / 呼吸器感染期入り
2026-10-17,5F,36,1,0,0,,1,1,0,0,2,10,16,10,2.0,土曜日 / 稼働率76.6% / 空床11床
2026-10-17,6F,42,2,0,0,,1,0,0,1,29,3,10,29,29.0,土曜日 / 稼働率89.4% / 空床5床 / 呼吸器感染期入り
2026-10-18,5F,33,0,0,0,,3,0,1,2,"18,20,12",9,15,9,16.7,日曜日 / 稼働率70.2% / 空床14床
2026-10-18,6F,42,1,0,0,,1,0,0,1,27,3,10,29,27.0,日曜日 / 稼働率89.4% / 空床5床 / 呼吸器感染期入り
2026-10-19,5F,33,4,1,0,,4,0,3,1,"13,10,12,21",9,15,9,14.0,月曜日 / 稼働率70.2% / 空床14床 / 月曜入院集中
2026-10-19,6F,44,4,0,0,,2,0,0,2,"21,20",4,11,29,20.5,月曜日 / 稼働率93.6% / 空床3床 / 月曜入院集中 / 呼吸器感染期入り
2026-10-20,5F,34,4,0,0,,3,1,0,2,"4,21,15",10,15,9,13.3,火曜日 / 稼働率72.3% / 空床13床
2026-10-20,6F,47,3,1,0,,0,0,0,0,,4,12,31,0.0,火曜日 / 稼働率100.0% / 空床0床 / 呼吸器感染期入り
2026-10-21,5F,35,4,1,0,,3,0,3,0,"13,13,11",10,16,9,12.3,水曜日 / 稼働率74.5% / 空床12床
2026-10-21,6F,47,1,1,0,,1,0,0,1,16,4,12,31,16.0,水曜日 / 稼働率100.0% / 空床0床 / 呼吸器感染期入り
2026-10-22,5F,38,6,1,0,,3,0,2,1,"11,9,17",11,17,10,12.3,木曜日 / 稼働率80.9% / 空床9床
2026-10-22,6F,44,1,0,0,,4,1,0,3,"22,21,2,27",4,11,29,18.0,木曜日 / 稼働率93.6% / 空床3床 / 呼吸器感染期入り
2026-10-23,5F,37,3,1,0,,4,2,0,2,"4,16,2,18",10,17,10,10.0,金曜日 / 稼働率78.7% / 空床10床 / 金曜退院集中
2026-10-23,6F,41,1,0,0,,4,0,0,4,"26,25,21,16",3,10,28,22.0,金曜日 / 稼働率87.2% / 空床6床 / 金曜退院集中 / 呼吸器感染期入り
2026-10-24,5F,35,1,0,0,,3,2,0,1,"18,2,1",10,16,9,7.0,土曜日 / 稼働率74.5% / 空床12床
2026-10-24,6F,43,3,0,0,,1,0,0,1,29,3,11,29,29.0,土曜日 / 稼働率91.5% / 空床4床 / 呼吸器感染期入り
2026-10-25,5F,35,1,0,0,,1,0,0,1,18,10,16,9,18.0,日曜日 / 稼働率74.5% / 空床12床
2026-10-25,6F,43,0,0,0,,0,0,0,0,,3,11,29,0.0,日曜日 / 稼働率91.5% / 空床4床 / 呼吸器感染期入り
2026-10-26,5F,38,6,3,0,,3,0,3,0,"11,13,13",11,17,10,12.3,月曜日 / 稼働率80.9% / 空床9床 / 月曜入院集中
2026-10-26,6F,44,4,0,0,,3,0,0,3,"27,25,21",4,11,29,24.3,月曜日 / 稼働率93.6% / 空床3床 / 月曜入院集中 / 呼吸器感染期入り
2026-10-27,5F,38,3,0,0,,3,1,1,1,"1,14,21",11,17,10,12.0,火曜日 / 稼働率80.9% / 空床9床
2026-10-27,6F,47,4,1,0,,1,0,0,1,20,4,12,31,20.0,火曜日 / 稼働率100.0% / 空床0床 / 呼吸器感染期入り
2026-10-28,5F,36,2,0,0,,4,0,2,2,"15,13,15,7",10,16,10,12.5,水曜日 / 稼働率76.6% / 空床11床
2026-10-28,6F,46,2,0,0,,3,0,0,3,"40,28,27",4,12,30,31.7,水曜日 / 稼働率97.9% / 空床1床 / 呼吸器感染期入り
2026-10-29,5F,35,2,1,0,,3,0,2,1,"12,9,16",10,16,9,12.3,木曜日 / 稼働率74.5% / 空床12床
2026-10-29,6F,44,0,0,0,,2,0,0,2,"24,21",4,11,29,22.5,木曜日 / 稼働率93.6% / 空床3床 / 呼吸器感染期入り
2026-10-30,5F,35,3,0,0,,3,0,1,2,"11,16,24",10,16,9,17.0,金曜日 / 稼働率74.5% / 空床12床 / 金曜退院集中
2026-10-30,6F,43,3,1,0,,4,1,0,3,"26,3,34,23",3,11,29,21.5,金曜日 / 稼働率91.5% / 空床4床 / 金曜退院集中 / 呼吸器感染期入り
2026-10-31,5F,34,2,0,0,,3,3,0,0,"2,5,5",10,15,9,4.0,土曜日 / 稼働率72.3% / 空床13床
2026-10-31,6F,42,0,0,1,10.0,1,0,1,0,10,3,10,29,10.0,土曜日 / 稼働率89.4% / 空床5床 / 呼吸器感染期入り
2026-11-01,5F,35,2,0,0,,1,0,0,1,20,10,16,9,20.0,日曜日 / 稼働率74.5% / 空床12床
2026-11-01,6F,43,2,0,0,,1,0,0,1,29,3,11,29,29.0,日曜日 / 稼働率91.5% / 空床4床 / 呼吸器感染期入り
2026-11-02,5F,36,4,0,0,,3,0,2,1,"21,9,6",10,16,10,12.0,月曜日 / 稼働率76.6% / 空床11床 / 月曜入院集中
2026-11-02,6F,46,6,0,0,,3,1,0,2,"25,20,3",4,12,30,16.0,月曜日 / 稼働率97.9% / 空床1床 / 月曜入院集中 / 呼吸器感染期入り
2026-11-03,5F,37,4,0,0,,3,0,3,0,"13,12,14",10,17,10,13.0,火曜日 / 稼働率78.7% / 空床10床
2026-11-03,6F,47,4,0,0,,3,0,0,3,"27,21,28",4,12,31,25.3,火曜日 / 稼働率100.0% / 空床0床 / 呼吸器感染期入り
2026-11-04,5F,39,5,0,0,,3,0,3,0,"9,10,12",11,18,10,10.3,水曜日 / 稼働率83.0% / 空床8床
2026-11-04,6F,46,5,1,0,,6,0,0,6,"22,20,19,15,21,21",4,12,30,19.7,水曜日 / 稼働率97.9% / 空床1床 / 呼吸器感染期入り
2026-11-05,5F,40,4,1,0,,3,0,0,3,"17,20,17",11,18,11,18.0,木曜日 / 稼働率85.1% / 空床7床
2026-11-05,6F,47,3,1,0,,2,0,0,2,"19,17",4,12,31,18.0,木曜日 / 稼働率100.0% / 空床0床 / 呼吸器感染期入り
2026-11-06,5F,40,4,1,0,,4,0,2,2,"11,9,15,21",11,18,11,14.0,金曜日 / 稼働率85.1% / 空床7床 / 金曜退院集中
2026-11-06,6F,46,2,0,0,,3,2,0,1,"2,1,24",4,12,30,9.0,金曜日 / 稼働率97.9% / 空床1床 / 金曜退院集中 / 呼吸器感染期入り
2026-11-07,5F,40,0,0,0,,0,0,0,0,,11,18,11,0.0,土曜日 / 稼働率85.1% / 空床7床
2026-11-07,6F,47,1,0,0,,0,0,0,0,,4,12,31,0.0,土曜日 / 稼働率100.0% / 空床0床 / 呼吸器感染期入り
2026-11-08,5F,38,1,0,0,,3,1,2,0,"13,12,3",11,17,10,9.3,日曜日 / 稼働率80.9% / 空床9床
2026-11-08,6F,47,0,0,0,,0,0,0,0,,4,12,31,0.0,日曜日 / 稼働率100.0% / 空床0床 / 呼吸器感染期入り
2026-11-09,5F,39,4,0,0,,3,0,2,1,"7,7,19",11,18,10,11.0,月曜日 / 稼働率83.0% / 空床8床 / 月曜入院集中
2026-11-09,6F,47,2,0,0,,2,0,0,2,"27,20",4,12,31,23.5,月曜日 / 稼働率100.0% / 空床0床 / 呼吸器感染期入り
2026-11-10,5F,37,1,0,0,,3,0,0,3,"21,19,21",10,17,10,20.3,火曜日 / 稼働率78.7% / 空床10床
2026-11-10,6F,47,3,0,0,,3,0,0,3,"15,28,22",4,12,31,21.7,火曜日 / 稼働率100.0% / 空床0床 / 呼吸器感染期入り
2026-11-11,5F,37,3,0,0,,3,0,3,0,"12,10,8",10,17,10,10.0,水曜日 / 稼働率78.7% / 空床10床
2026-11-11,6F,47,0,0,0,,0,0,0,0,,4,12,31,0.0,水曜日 / 稼働率100.0% / 空床0床 / 呼吸器感染期入り
2026-11-12,5F,36,3,0,1,6.0,4,0,2,2,"20,21,6,13",10,16,10,15.0,木曜日 / 稼働率76.6% / 空床11床
2026-11-12,6F,47,3,0,0,,3,0,0,3,"28,25,19",4,12,31,24.0,木曜日 / 稼働率100.0% / 空床0床 / 呼吸器感染期入り
2026-11-13,5F,34,1,0,0,,3,0,2,1,"9,7,22",10,15,9,12.7,金曜日 / 稼働率72.3% / 空床13床 / 金曜退院集中
2026-11-13,6F,47,0,0,0,,0,0,0,0,,4,12,31,0.0,金曜日 / 稼働率100.0% / 空床0床 / 呼吸器感染期入り
2026-11-14,5F,34,1,0,0,,1,0,0,1,18,10,15,9,18.0,土曜日 / 稼働率72.3% / 空床13床
2026-11-14,6F,47,0,0,0,,0,0,0,0,,4,12,31,0.0,土曜日 / 稼働率100.0% / 空床0床 / 呼吸器感染期入り
2026-11-15,5F,35,1,0,0,,0,0,0,0,,10,16,9,0.0,日曜日 / 稼働率74.5% / 空床12床
2026-11-15,6F,46,0,0,0,,1,0,0,1,32,4,12,30,32.0,日曜日 / 稼働率97.9% / 空床1床 / 呼吸器感染期入り
2026-11-16,5F,39,7,0,0,,3,0,3,0,"13,11,12",11,18,10,12.0,月曜日 / 稼働率83.0% / 空床8床 / 月曜入院集中
2026-11-16,6F,47,2,0,0,,1,0,0,1,19,4,12,31,19.0,月曜日 / 稼働率100.0% / 空床0床 / 呼吸器感染期入り
2026-11-17,5F,38,2,0,0,,3,0,1,2,"19,16,13",11,17,10,16.0,火曜日 / 稼働率80.9% / 空床9床
2026-11-17,6F,47,1,0,0,,1,0,0,1,15,4,12,31,15.0,火曜日 / 稼働率100.0% / 空床0床 / 呼吸器感染期入り
2026-11-18,5F,39,4,1,0,,3,0,1,2,"9,18,16",11,18,10,14.3,水曜日 / 稼働率83.0% / 空床8床
2026-11-18,6F,43,2,0,0,,6,0,1,5,"30,30,25,22,17,14",3,11,29,23.0,水曜日 / 稼働率91.5% / 空床4床 / 呼吸器感染期入り
2026-11-19,5F,35,1,0,0,,5,0,3,2,"20,17,10,13,11",10,16,9,14.2,木曜日 / 稼働率74.5% / 空床12床 / 勤労感謝の日前(2日前)
2026-11-19,6F,43,2,0,0,,2,0,0,2,"23,16",3,11,29,19.5,木曜日 / 稼働率91.5% / 空床4床 / 勤労感謝の日前(2日前) / 呼吸器感染期入り
2026-11-20,5F,34,5,1,0,,6,0,2,4,"20,15,14,11,16,23",10,15,9,16.5,金曜日 / 稼働率72.3% / 空床13床 / 勤労感謝の日前(1日前) / 金曜退院集中
2026-11-20,6F,42,2,0,0,,3,0,0,3,"34,21,16",3,10,29,23.7,金曜日 / 稼働率89.4% / 空床5床 / 勤労感謝の日前(1日前) / 金曜退院集中 / 呼吸器感染期入り
2026-11-21,5F,33,0,0,0,,1,0,0,1,17,9,15,9,17.0,土曜日 / 稼働率70.2% / 空床14床 / 勤労感謝の日中
2026-11-21,6F,42,0,0,0,,0,0,0,0,,3,10,29,0.0,土曜日 / 稼働率89.4% / 空床5床 / 勤労感謝の日中 / 呼吸器感染期入り
2026-11-22,5F,33,1,0,0,,1,1,0,0,4,9,15,9,4.0,日曜日 / 稼働率70.2% / 空床14床 / 勤労感謝の日中
2026-11-22,6F,42,0,0,0,,0,0,0,0,,3,10,29,0.0,日曜日 / 稼働率89.4% / 空床5床 / 勤労感謝の日中 / 呼吸器感染期入り
2026-11-23,5F,32,2,0,0,,3,1,2,0,"12,8,3",9,14,9,7.7,月曜日 / 稼働率68.1% / 空床15床 / 勤労感謝の日中
2026-11-23,6F,41,1,0,0,,2,0,0,2,"30,28",3,10,28,29.0,月曜日 / 稼働率87.2% / 空床6床 / 勤労感謝の日中 / 呼吸器感染期入り
2026-11-24,5F,34,4,1,0,,2,0,1,1,"19,12",10,15,9,15.5,火曜日 / 稼働率72.3% / 空床13床 / 勤労感謝の日明け1日目
2026-11-24,6F,47,7,0,0,,1,0,0,1,22,4,12,31,22.0,火曜日 / 稼働率100.0% / 空床0床 / 勤労感謝の日明け1日目 / 呼吸器感染期入り
2026-11-25,5F,40,8,0,0,,2,0,1,1,"15,14",11,18,11,14.5,水曜日 / 稼働率85.1% / 空床7床 / 勤労感謝の日明け2日目
2026-11-25,6F,47,5,0,0,,5,0,0,5,"34,26,33,28,24",4,12,31,29.0,水曜日 / 稼働率100.0% / 空床0床 / 勤労感謝の日明け2日目 / 呼吸器感染期入り
2026-11-26,5F,40,3,0,0,,3,1,2,0,"2,14,10",11,18,11,8.7,木曜日 / 稼働率85.1% / 空床7床 / 勤労感謝の日明け3日目
2026-11-26,6F,47,1,0,0,,1,0,0,1,24,4,12,31,24.0,木曜日 / 稼働率100.0% / 空床0床 / 勤労感謝の日明け3日目 / 呼吸器感染期入り
2026-11-27,5F,36,0,0,0,,4,1,1,2,"24,16,9,5",10,16,10,13.5,金曜日 / 稼働率76.6% / 空床11床 / 金曜退院集中
2026-11-27,6F,47,3,0,0,,3,0,0,3,"23,32,31",4,12,31,28.7,金曜日 / 稼働率100.0% / 空床0床 / 金曜退院集中 / 呼吸器感染期入り
2026-11-28,5F,35,2,0,0,,3,0,0,3,"25,19,16",10,16,9,20.0,土曜日 / 稼働率74.5% / 空床12床
2026-11-28,6F,47,1,0,0,,1,0,0,1,26,4,12,31,26.0,土曜日 / 稼働率100.0% / 空床0床 / 呼吸器感染期入り
2026-11-29,5F,34,1,0,0,,2,0,1,1,"16,13",10,15,9,14.5,日曜日 / 稼働率72.3% / 空床13床
2026-11-29,6F,46,0,0,0,,1,0,0,1,27,4,12,30,27.0,日曜日 / 稼働率97.9% / 空床1床 / 呼吸器感染期入り
2026-11-30,5F,32,1,0,0,,3,1,2,0,"6,5,14",9,14,9,8.3,月曜日 / 稼働率68.1% / 空床15床
2026-11-30,6F,44,1,0,0,,3,0,0,3,"27,20,35",4,11,29,27.3,月曜日 / 稼働率93.6% / 空床3床 / 呼吸器感染期入り
2026-12-01,5F,31,2,0,0,,3,0,1,2,"15,11,15",9,14,8,13.7,火曜日 / 稼働率66.0% / 空床16床
2026-12-01,6F,47,5,0,0,,2,0,0,2,"22,21",3,11,33,21.5,火曜日 / 稼働率100.0% / 空床0床 / 肺炎・インフル期
2026-12-02,5F,33,5,0,0,,3,0,3,0,"8,6,12",9,15,9,8.7,水曜日 / 稼働率70.2% / 空床14床
2026-12-02,6F,45,1,0,0,,3,0,0,3,"28,29,29",3,10,32,28.7,水曜日 / 稼働率95.7% / 空床2床 / 肺炎・インフル期
2026-12-03,5F,34,4,0,0,,3,0,2,1,"13,10,15",10,15,9,12.7,木曜日 / 稼働率72.3% / 空床13床
2026-12-03,6F,46,2,0,0,,1,0,0,1,27,3,11,32,27.0,木曜日 / 稼働率97.9% / 空床1床 / 肺炎・インフル期
2026-12-04,5F,38,8,1,0,,4,0,1,3,"9,17,17,18",11,17,10,15.2,金曜日 / 稼働率80.9% / 空床9床 / 金曜退院集中
2026-12-04,6F,44,1,0,0,,3,0,0,3,"25,22,15",3,10,31,20.7,金曜日 / 稼働率93.6% / 空床3床 / 金曜退院集中 / 肺炎・インフル期
2026-12-05,5F,39,2,0,0,,1,0,0,1,19,11,18,10,19.0,土曜日 / 稼働率83.0% / 空床8床
2026-12-05,6F,43,1,0,0,,2,0,0,2,"29,30",3,10,30,29.5,土曜日 / 稼働率91.5% / 空床4床 / 肺炎・インフル期
2026-12-06,5F,38,1,0,0,,2,1,1,0,"11,2",11,17,10,6.5,日曜日 / 稼働率80.9% / 空床9床
2026-12-06,6F,43,1,0,0,,1,0,0,1,26,3,10,30,26.0,日曜日 / 稼働率91.5% / 空床4床 / 肺炎・インフル期
2026-12-07,5F,37,2,0,0,,3,0,3,0,"12,9,14",10,17,10,11.7,月曜日 / 稼働率78.7% / 空床10床
2026-12-07,6F,44,3,0,0,,2,0,0,2,"35,32",3,10,31,33.5,月曜日 / 稼働率93.6% / 空床3床 / 月曜入院集中 / 肺炎・インフル期
2026-12-08,5F,37,3,1,0,,3,0,2,1,"13,12,18",10,17,10,14.3,火曜日 / 稼働率78.7% / 空床10床
2026-12-08,6F,47,4,0,0,,1,0,0,1,26,3,11,33,26.0,火曜日 / 稼働率100.0% / 空床0床 / 肺炎・インフル期
2026-12-09,5F,37,3,0,0,,3,0,3,0,"10,7,14",10,17,10,10.3,水曜日 / 稼働率78.7% / 空床10床
2026-12-09,6F,46,3,1,0,,4,0,0,4,"23,32,22,21",3,11,32,24.5,水曜日 / 稼働率97.9% / 空床1床 / 肺炎・インフル期
2026-12-10,5F,38,4,0,0,,3,0,0,3,"21,22,16",11,17,10,19.7,木曜日 / 稼働率80.9% / 空床9床
2026-12-10,6F,43,1,0,0,,4,0,2,2,"16,17,14,13",3,10,30,15.0,木曜日 / 稼働率91.5% / 空床4床 / 肺炎・インフル期
2026-12-11,5F,41,7,1,0,,4,1,1,2,"16,16,7,3",11,18,12,10.5,金曜日 / 稼働率87.2% / 空床6床 / 金曜退院集中
2026-12-11,6F,47,6,1,0,,2,1,0,1,"2,17",3,11,33,9.5,金曜日 / 稼働率100.0% / 空床0床 / 肺炎・インフル期
2026-12-12,5F,41,2,0,0,,2,0,0,2,"28,16",11,18,12,22.0,土曜日 / 稼働率87.2% / 空床6床
2026-12-12,6F,47,0,0,0,,0,0,0,0,,3,11,33,0.0,土曜日 / 稼働率100.0% / 空床0床 / 肺炎・インフル期
2026-12-13,5F,41,1,0,0,,1,0,1,0,10,11,18,12,10.0,日曜日 / 稼働率87.2% / 空床6床
2026-12-13,6F,47,1,0,0,,1,0,0,1,27,3,11,33,27.0,日曜日 / 稼働率100.0% / 空床0床 / 肺炎・インフル期
2026-12-14,5F,41,2,0,0,,2,1,1,0,"10,5",11,18,12,7.5,月曜日 / 稼働率87.2% / 空床6床
2026-12-14,6F,47,1,0,0,,1,0,0,1,20,3,11,33,20.0,月曜日 / 稼働率100.0% / 空床0床 / 肺炎・インフル期
2026-12-15,5F,40,2,0,0,,3,2,1,0,"4,7,5",11,18,11,5.3,火曜日 / 稼働率85.1% / 空床7床
2026-12-15,6F,45,2,0,0,,4,1,0,3,"27,21,4,21",3,10,32,18.2,火曜日 / 稼働率95.7% / 空床2床 / 肺炎・インフル期
2026-12-16,5F,44,8,1,0,,4,0,4,0,"14,13,12,6",12,20,12,11.2,水曜日 / 稼働率93.6% / 空床3床
2026-12-16,6F,47,3,1,0,,1,0,0,1,19,3,11,33,19.0,水曜日 / 稼働率100.0% / 空床0床 / 肺炎・インフル期
2026-12-17,5F,42,1,1,0,,3,0,1,2,"17,12,16",12,19,11,15.0,木曜日 / 稼働率89.4% / 空床5床
2026-12-17,6F,45,2,0,0,,4,1,0,3,"22,1,35,27",3,10,32,21.2,木曜日 / 稼働率95.7% / 空床2床 / 肺炎・インフル期
2026-12-18,5F,39,0,0,0,,3,1,1,1,"4,16,14",11,18,10,11.3,金曜日 / 稼働率83.0% / 空床8床 / 金曜退院集中
2026-12-18,6F,47,3,0,0,,1,0,0,1,24,3,11,33,24.0,金曜日 / 稼働率100.0% / 空床0床 / 肺炎・インフル期
2026-12-19,5F,39,2,0,1,11.0,2,0,2,0,"11,10",11,18,10,10.5,土曜日 / 稼働率83.0% / 空床8床
2026-12-19,6F,47,0,0,0,,0,0,0,0,,3,11,33,0.0,土曜日 / 稼働率100.0% / 空床0床 / 肺炎・インフル期
2026-12-20,5F,38,1,0,0,,2,0,2,0,"14,13",11,17,10,13.5,日曜日 / 稼働率80.9% / 空床9床
2026-12-20,6F,47,0,0,0,,0,0,0,0,,3,11,33,0.0,日曜日 / 稼働率100.0% / 空床0床 / 肺炎・インフル期
2026-12-21,5F,35,1,0,0,,4,1,3,0,"12,14,5,9",10,16,9,10.0,月曜日 / 稼働率74.5% / 空床12床
2026-12-21,6F,47,4,1,0,,4,0,0,4,"23,26,21,20",3,11,33,22.5,月曜日 / 稼働率100.0% / 空床0床 / 月曜入院集中 / 肺炎・インフル期
2026-12-22,5F,33,1,0,0,,3,0,2,1,"20,11,12",9,15,9,14.3,火曜日 / 稼働率70.2% / 空床14床
2026-12-22,6F,47,4,2,0,,4,0,0,4,"33,27,21,20",3,11,33,25.2,火曜日 / 稼働率100.0% / 空床0床 / 肺炎・インフル期
2026-12-23,5F,35,5,1,0,,3,0,1,2,"25,12,19",10,16,9,18.7,水曜日 / 稼働率74.5% / 空床12床
2026-12-23,6F,46,1,0,0,,2,0,0,2,"15,20",3,11,32,17.5,水曜日 / 稼働率97.9% / 空床1床 / 肺炎・インフル期
2026-12-24,5F,38,6,0,0,,3,0,1,2,"19,8,21",11,17,10,16.0,木曜日 / 稼働率80.9% / 空床9床
2026-12-24,6F,47,3,1,0,,2,1,0,1,"3,34",3,11,33,18.5,木曜日 / 稼働率100.0% / 空床0床 / 肺炎・インフル期
2026-12-25,5F,37,3,0,1,8.0,4,0,1,3,"21,8,23,24",10,17,10,19.0,金曜日 / 稼働率78.7% / 空床10床 / 金曜退院集中
2026-12-25,6F,45,4,0,0,,6,0,0,6,"28,22,18,31,30,18",3,10,32,24.5,金曜日 / 稼働率95.7% / 空床2床 / 金曜退院集中 / 肺炎・インフル期
2026-12-26,5F,34,0,0,0,,3,1,1,1,"15,11,3",10,15,9,9.7,土曜日 / 稼働率72.3% / 空床13床
2026-12-26,6F,44,2,1,0,,3,2,0,1,"4,18,4",3,10,31,8.7,土曜日 / 稼働率93.6% / 空床3床 / 肺炎・インフル期
2026-12-27,5F,36,2,1,0,,0,0,0,0,,10,16,10,0.0,日曜日 / 稼働率76.6% / 空床11床 / 年末年始前(2日前)
2026-12-27,6F,44,0,0,0,,0,0,0,0,,3,10,31,0.0,日曜日 / 稼働率93.6% / 空床3床 / 年末年始前(2日前) / 肺炎・インフル期
2026-12-28,5F,39,7,2,0,,4,0,1,3,"25,17,14,17",11,18,10,18.2,月曜日 / 稼働率83.0% / 空床8床 / 年末年始前(1日前) / 月曜入院集中
2026-12-28,6F,43,5,0,0,,6,1,1,4,"27,20,13,4,17,23",3,10,30,17.3,月曜日 / 稼働率91.5% / 空床4床 / 年末年始前(1日前) / 月曜入院集中 / 肺炎・インフル期
2026-12-29,5F,36,0,0,0,,3,1,1,1,"16,2,10",10,16,10,9.3,火曜日 / 稼働率76.6% / 空床11床 / 年末年始中
2026-12-29,6F,42,1,0,0,,2,1,0,1,"3,34",3,10,29,18.5,火曜日 / 稼働率89.4% / 空床5床 / 年末年始中 / 肺炎・インフル期
2026-12-30,5F,34,1,0,0,,3,0,2,1,"6,14,20",10,15,9,13.3,水曜日 / 稼働率72.3% / 空床13床 / 年末年始中
2026-12-30,6F,42,1,0,0,,1,0,0,1,29,3,10,29,29.0,水曜日 / 稼働率89.4% / 空床5床 / 年末年始中 / 肺炎・インフル期
2026-12-31,5F,33,2,1,0,,3,1,2,0,"3,8,11",9,15,9,7.3,木曜日 / 稼働率70.2% / 空床14床 / 年末年始中
2026-12-31,6F,42,1,0,0,,1,0,0,1,21,3,10,29,21.0,木曜日 / 稼働率89.4% / 空床5床 / 年末年始中 / 肺炎・インフル期
2027-01-01,5F,32,2,0,0,,3,0,1,2,"16,16,11",9,14,9,14.3,金曜日 / 稼働率68.1% / 空床15床 / 年末年始中 / 金曜退院集中
2027-01-01,6F,40,1,1,0,,3,0,0,3,"25,21,26",3,9,28,24.0,金曜日 / 稼働率85.1% / 空床7床 / 年末年始中 / 金曜退院集中 / 肺炎・インフル期
2027-01-02,5F,33,2,0,0,,1,1,0,0,2,9,15,9,2.0,土曜日 / 稼働率70.2% / 空床14床 / 年末年始中
2027-01-02,6F,40,0,0,0,,0,0,0,0,,3,9,28,0.0,土曜日 / 稼働率85.1% / 空床7床 / 年末年始中 / 肺炎・インフル期
2027-01-03,5F,33,1,1,0,,1,0,1,0,10,9,15,9,10.0,日曜日 / 稼働率70.2% / 空床14床 / 年末年始中
2027-01-03,6F,40,0,0,0,,0,0,0,0,,3,9,28,0.0,日曜日 / 稼働率85.1% / 空床7床 / 年末年始中 / 肺炎・インフル期
2027-01-04,5F,42,11,1,0,,2,0,1,1,"10,19",12,19,11,14.5,月曜日 / 稼働率89.4% / 空床5床 / 年末年始明け1日目 / 月曜入院集中
2027-01-04,6F,44,6,0,0,,2,1,0,1,"3,22",3,10,31,12.5,月曜日 / 稼働率93.6% / 空床3床 / 年末年始明け1日目 / 月曜入院集中 / 肺炎・インフル期
2027-01-05,5F,46,6,0,0,,2,0,1,1,"24,14",13,21,12,19.0,火曜日 / 稼働率97.9% / 空床1床 / 年末年始明け2日目
2027-01-05,6F,47,4,2,0,,1,0,1,0,12,3,11,33,12.0,火曜日 / 稼働率100.0% / 空床0床 / 年末年始明け2日目 / 肺炎・インフル期
2027-01-06,5F,47,4,0,0,,3,0,0,3,"21,26,18",13,21,13,21.7,水曜日 / 稼働率100.0% / 空床0床 / 年末年始明け3日目
2027-01-06,6F,47,2,1,0,,2,0,0,2,"21,33",3,11,33,27.0,水曜日 / 稼働率100.0% / 空床0床 / 年末年始明け3日目 / 肺炎・インフル期
2027-01-07,5F,47,5,2,1,10.0,5,0,2,3,"22,15,10,10,15",13,21,13,14.4,木曜日 / 稼働率100.0% / 空床0床 / 成人の日前(2日前)
2027-01-07,6F,47,3,1,0,,3,0,0,3,"30,21,20",3,11,33,23.7,木曜日 / 稼働率100.0% / 空床0床 / 成人の日前(2日前) / 肺炎・インフル期
2027-01-08,5F,44,3,1,0,,6,1,4,1,"6,14,11,4,35,7",12,20,12,12.8,金曜日 / 稼働率93.6% / 空床3床 / 成人の日前(1日前) / 金曜退院集中
2027-01-08,6F,44,1,0,0,,4,2,1,1,"28,10,3,3",3,10,31,11.0,金曜日 / 稼働率93.6% / 空床3床 / 成人の日前(1日前) / 金曜退院集中 / 肺炎・インフル期
2027-01-09,5F,42,0,0,0,,2,1,1,0,"2,10",12,19,11,6.0,土曜日 / 稼働率89.4% / 空床5床 / 成人の日中
2027-01-09,6F,45,1,0,0,,0,0,0,0,,3,10,32,0.0,土曜日 / 稼働率95.7% / 空床2床 / 成人の日中 / 肺炎・インフル期
2027-01-10,5F,42,0,0,0,,0,0,0,0,,12,19,11,0.0,日曜日 / 稼働率89.4% / 空床5床 / 成人の日中
2027-01-10,6F,46,1,1,0,,0,0,0,0,,3,11,32,0.0,日曜日 / 稼働率97.9% / 空床1床 / 成人の日中 / 肺炎・インフル期
2027-01-11,5F,40,1,0,1,8.0,3,0,3,0,"14,14,8",11,18,11,12.0,月曜日 / 稼働率85.1% / 空床7床 / 成人の日中
2027-01-11,6F,45,2,1,0,,3,1,0,2,"31,24,5",3,10,32,20.0,月曜日 / 稼働率95.7% / 空床2床 / 成人の日中 / 肺炎・インフル期
2027-01-12,5F,39,1,0,0,,2,0,1,1,"19,8",11,18,10,13.5,火曜日 / 稼働率83.0% / 空床8床 / 成人の日明け1日目
2027-01-12,6F,47,3,0,0,,1,1,0,0,5,3,11,33,5.0,火曜日 / 稼働率100.0% / 空床0床 / 成人の日明け1日目 / 肺炎・インフル期
2027-01-13,5F,44,7,2,0,,2,0,0,2,"20,16",12,20,12,18.0,水曜日 / 稼働率93.6% / 空床3床 / 成人の日明け2日目
2027-01-13,6F,47,2,0,0,,2,1,0,1,"33,2",3,11,33,17.5,水曜日 / 稼働率100.0% / 空床0床 / 成人の日明け2日目 / 肺炎・インフル期
2027-01-14,5F,44,3,1,0,,3,0,3,0,"9,8,9",12,20,12,8.7,木曜日 / 稼働率93.6% / 空床3床 / 成人の日明け3日目
2027-01-14,6F,46,3,0,0,,4,0,0,4,"30,21,17,28",3,11,32,24.0,木曜日 / 稼働率97.9% / 空床1床 / 成人の日明け3日目 / 肺炎・インフル期
2027-01-15,5F,42,2,2,1,7.0,4,0,1,3,"21,7,23,15",12,19,11,16.5,金曜日 / 稼働率89.4% / 空床5床 / 金曜退院集中
2027-01-15,6F,46,4,0,0,,4,1,0,3,"28,32,37,5",3,11,32,25.5,金曜日 / 稼働率97.9% / 空床1床 / 金曜退院集中 / 肺炎・インフル期
2027-01-16,5F,41,1,0,1,9.0,2,1,1,0,"3,9",11,18,12,6.0,土曜日 / 稼働率87.2% / 空床6床
2027-01-16,6F,45,0,0,0,,1,0,0,1,46,3,10,32,46.0,土曜日 / 稼働率95.7% / 空床2床 / 肺炎・インフル期
2027-01-17,5F,41,2,0,0,,2,0,0,2,"16,24",11,18,12,20.0,日曜日 / 稼働率87.2% / 空床6床
2027-01-17,6F,46,1,0,0,,0,0,0,0,,3,11,32,0.0,日曜日 / 稼働率97.9% / 空床1床 / 肺炎・インフル期
2027-01-18,5F,41,3,0,0,,3,0,2,1,"14,12,16",11,18,12,14.0,月曜日 / 稼働率87.2% / 空床6床 / 月曜入院集中
2027-01-18,6F,45,3,1,0,,4,0,0,4,"40,27,28,26",3,10,32,30.2,月曜日 / 稼働率95.7% / 空床2床 / 月曜入院集中 / 肺炎・インフル期
2027-01-19,5F,39,1,0,0,,3,1,2,0,"14,5,13",11,18,10,10.7,火曜日 / 稼働率83.0% / 空床8床
2027-01-19,6F,44,2,0,0,,3,0,0,3,"25,22,28",3,10,31,25.0,火曜日 / 稼働率93.6% / 空床3床 / 肺炎・インフル期
2027-01-20,5F,41,5,1,0,,3,1,1,1,"16,13,5",11,18,12,11.3,水曜日 / 稼働率87.2% / 空床6床
2027-01-20,6F,46,6,1,0,,4,0,0,4,"35,26,20,23",3,11,32,26.0,水曜日 / 稼働率97.9% / 空床1床 / 肺炎・インフル期
2027-01-21,5F,41,4,0,0,,4,0,2,2,"8,14,17,28",11,18,12,16.8,木曜日 / 稼働率87.2% / 空床6床
2027-01-21,6F,44,2,0,0,,4,1,1,2,"3,27,10,24",3,10,31,16.0,木曜日 / 稼働率93.6% / 空床3床 / 肺炎・インフル期
2027-01-22,5F,38,1,0,2,8.0,4,0,2,2,"18,7,9,17",11,17,10,12.8,金曜日 / 稼働率80.9% / 空床9床 / 金曜退院集中
2027-01-22,6F,44,2,1,0,,2,1,0,1,"28,2",3,10,31,15.0,金曜日 / 稼働率93.6% / 空床3床 / 肺炎・インフル期
2027-01-23,5F,39,1,0,0,,0,0,0,0,,11,18,10,0.0,土曜日 / 稼働率83.0% / 空床8床
2027-01-23,6F,47,4,1,0,,1,1,0,0,1,3,11,33,1.0,土曜日 / 稼働率100.0% / 空床0床 / 肺炎・インフル期
2027-01-24,5F,40,2,0,0,,1,0,0,1,18,11,18,11,18.0,日曜日 / 稼働率85.1% / 空床7床
2027-01-24,6F,46,0,0,0,,1,0,0,1,20,3,11,32,20.0,日曜日 / 稼働率97.9% / 空床1床 / 肺炎・インフル期
2027-01-25,5F,43,6,2,0,,3,1,1,1,"21,14,5",12,19,12,13.3,月曜日 / 稼働率91.5% / 空床4床 / 月曜入院集中
2027-01-25,6F,47,2,0,0,,1,1,0,0,2,3,11,33,2.0,月曜日 / 稼働率100.0% / 空床0床 / 肺炎・インフル期
2027-01-26,5F,42,2,0,0,,3,0,1,2,"22,19,8",12,19,11,16.3,火曜日 / 稼働率89.4% / 空床5床
2027-01-26,6F,47,2,0,0,,2,0,0,2,"31,29",3,11,33,30.0,火曜日 / 稼働率100.0% / 空床0床 / 肺炎・インフル期
2027-01-27,5F,43,4,0,0,,3,0,1,2,"23,9,19",12,19,12,17.0,水曜日 / 稼働率91.5% / 空床4床
2027-01-27,6F,46,2,1,0,,3,0,1,2,"28,23,13",3,11,32,21.3,水曜日 / 稼働率97.9% / 空床1床 / 肺炎・インフル期
2027-01-28,5F,42,2,1,0,,3,0,1,2,"23,23,14",12,19,11,20.0,木曜日 / 稼働率89.4% / 空床5床
2027-01-28,6F,47,2,0,0,,1,0,0,1,22,3,11,33,22.0,木曜日 / 稼働率100.0% / 空床0床 / 肺炎・インフル期
2027-01-29,5F,41,3,1,0,,4,0,2,2,"16,16,12,11",11,18,12,13.8,金曜日 / 稼働率87.2% / 空床6床 / 金曜退院集中
2027-01-29,6F,45,1,0,0,,3,0,0,3,"25,25,22",3,10,32,24.0,金曜日 / 稼働率95.7% / 空床2床 / 金曜退院集中 / 肺炎・インフル期
2027-01-30,5F,39,1,0,0,,3,3,0,0,"5,5,1",11,18,10,3.7,土曜日 / 稼働率83.0% / 空床8床
2027-01-30,6F,44,0,0,0,,1,1,0,0,3,3,10,31,3.0,土曜日 / 稼働率93.6% / 空床3床 / 肺炎・インフル期
2027-01-31,5F,39,1,0,0,,1,0,0,1,18,11,18,10,18.0,日曜日 / 稼働率83.0% / 空床8床
2027-01-31,6F,44,1,0,0,,1,0,0,1,27,3,10,31,27.0,日曜日 / 稼働率93.6% / 空床3床 / 肺炎・インフル期
2027-02-01,5F,40,4,1,0,,3,0,0,3,"48,19,28",13,18,9,31.7,月曜日 / 稼働率85.1% / 空床7床 / 月曜入院集中 / 年度末転院集中
2027-02-01,6F,45,2,0,0,,1,0,0,1,23,3,10,32,23.0,月曜日 / 稼働率95.7% / 空床2床 / 肺炎・インフル期
2027-02-02,5F,40,4,0,0,,4,0,2,2,"19,13,11,17",13,18,9,15.0,火曜日 / 稼働率85.1% / 空床7床 / 年度末転院集中
2027-02-02,6F,47,4,1,0,,2,0,0,2,"43,43",3,11,33,43.0,火曜日 / 稼働率100.0% / 空床0床 / 肺炎・インフル期
2027-02-03,5F,38,1,0,0,,3,0,2,1,"10,14,26",12,17,9,16.7,水曜日 / 稼働率80.9% / 空床9床 / 年度末転院集中
2027-02-03,6F,46,5,0,0,,6,0,0,6,"29,27,21,20,19,15",3,11,32,21.8,水曜日 / 稼働率97.9% / 空床1床 / 肺炎・インフル期
2027-02-04,5F,36,2,1,0,,4,0,2,2,"14,18,15,6",12,16,8,13.2,木曜日 / 稼働率76.6% / 空床11床 / 年度末転院集中
2027-02-04,6F,47,1,0,0,,0,0,0,0,,3,11,33,0.0,木曜日 / 稼働率100.0% / 空床0床 / 肺炎・インフル期
2027-02-05,5F,41,8,1,0,,3,1,0,2,"17,40,4",13,18,10,20.3,金曜日 / 稼働率87.2% / 空床6床 / 金曜退院集中 / 年度末転院集中
2027-02-05,6F,44,0,0,0,,3,0,0,3,"17,32,28",3,10,31,25.7,金曜日 / 稼働率93.6% / 空床3床 / 金曜退院集中 / 肺炎・インフル期
2027-02-06,5F,44,4,1,1,9.0,1,0,1,0,9,14,20,10,9.0,土曜日 / 稼働率93.6% / 空床3床 / 年度末転院集中
2027-02-06,6F,44,1,0,0,,1,1,0,0,4,3,10,31,4.0,土曜日 / 稼働率93.6% / 空床3床 / 肺炎・インフル期
2027-02-07,5F,44,0,0,0,,0,0,0,0,,14,20,10,0.0,日曜日 / 稼働率93.6% / 空床3床 / 年度末転院集中
2027-02-07,6F,45,1,0,0,,0,0,0,0,,3,10,32,0.0,日曜日 / 稼働率95.7% / 空床2床 / 肺炎・インフル期
2027-02-08,5F,44,3,0,0,,3,0,2,1,"18,14,10",14,20,10,14.0,月曜日 / 稼働率93.6% / 空床3床 / 月曜入院集中 / 年度末転院集中
2027-02-08,6F,47,4,1,0,,2,0,0,2,"27,26",3,11,33,26.5,月曜日 / 稼働率100.0% / 空床0床 / 月曜入院集中 / 肺炎・インフル期
2027-02-09,5F,45,5,0,0,,4,0,3,1,"13,8,13,20",14,20,11,13.5,火曜日 / 稼働率95.7% / 空床2床 / 年度末転院集中
2027-02-09,6F,47,4,0,0,,4,1,0,3,"25,20,1,28",3,11,33,18.5,火曜日 / 稼働率100.0% / 空床0床 / 肺炎・インフル期
2027-02-10,5F,43,2,0,1,6.0,4,0,2,2,"16,6,15,14",14,19,10,12.8,水曜日 / 稼働率91.5% / 空床4床 / 年度末転院集中
2027-02-10,6F,47,4,1,0,,4,0,0,4,"26,23,18,18",3,11,33,21.2,水曜日 / 稼働率100.0% / 空床0床 / 肺炎・インフル期
2027-02-11,5F,43,4,1,0,,4,0,1,3,"9,17,18,21",14,19,10,16.2,木曜日 / 稼働率91.5% / 空床4床 / 年度末転院集中
2027-02-11,6F,47,1,0,0,,1,0,0,1,22,3,11,33,22.0,木曜日 / 稼働率100.0% / 空床0床 / 肺炎・インフル期
2027-02-12,5F,43,4,0,1,7.0,4,1,1,2,"7,4,20,39",14,19,10,17.5,金曜日 / 稼働率91.5% / 空床4床 / 金曜退院集中 / 年度末転院集中
2027-02-12,6F,47,4,0,0,,4,0,1,3,"28,26,15,9",3,11,33,19.5,金曜日 / 稼働率100.0% / 空床0床 / 金曜退院集中 / 肺炎・インフル期
2027-02-13,5F,42,2,0,1,7.0,3,1,1,1,"2,7,18",13,19,10,9.0,土曜日 / 稼働率89.4% / 空床5床 / 年度末転院集中
2027-02-13,6F,46,0,0,0,,1,1,0,0,3,3,11,32,3.0,土曜日 / 稼働率97.9% / 空床1床 / 肺炎・インフル期
2027-02-14,5F,40,1,0,0,,3,0,2,1,"8,33,12",13,18,9,17.7,日曜日 / 稼働率85.1% / 空床7床 / 年度末転院集中
2027-02-14,6F,46,0,0,0,,0,0,0,0,,3,11,32,0.0,日曜日 / 稼働率97.9% / 空床1床 / 肺炎・インフル期
2027-02-15,5F,39,2,0,0,,3,0,2,1,"9,25,11",12,18,9,15.0,月曜日 / 稼働率83.0% / 空床8床 / 年度末転院集中
2027-02-15,6F,42,1,0,0,,5,0,1,4,"34,28,25,25,13",3,10,29,25.0,月曜日 / 稼働率89.4% / 空床5床 / 肺炎・インフル期
2027-02-16,5F,41,5,0,0,,3,1,1,1,"5,20,11",13,18,10,12.0,火曜日 / 稼働率87.2% / 空床6床 / 年度末転院集中
2027-02-16,6F,44,3,1,0,,1,0,0,1,33,3,10,31,33.0,火曜日 / 稼働率93.6% / 空床3床 / 肺炎・インフル期
2027-02-17,5F,42,5,0,0,,4,0,1,3,"23,16,12,15",13,19,10,16.5,水曜日 / 稼働率89.4% / 空床5床 / 年度末転院集中
2027-02-17,6F,44,4,2,0,,4,0,0,4,"28,28,25,15",3,10,31,24.0,水曜日 / 稼働率93.6% / 空床3床 / 肺炎・インフル期
2027-02-18,5F,40,2,0,0,,4,0,3,1,"15,13,9,9",13,18,9,11.5,木曜日 / 稼働率85.1% / 空床7床 / 年度末転院集中
2027-02-18,6F,47,4,1,0,,1,1,0,0,2,3,11,33,2.0,木曜日 / 稼働率100.0% / 空床0床 / 肺炎・インフル期
2027-02-19,5F,42,6,0,0,,4,1,2,1,"9,22,11,2",13,19,10,11.0,金曜日 / 稼働率89.4% / 空床5床 / 金曜退院集中 / 年度末転院集中
2027-02-19,6F,47,3,0,0,,3,2,0,1,"16,2,1",3,11,33,6.3,金曜日 / 稼働率100.0% / 空床0床 / 金曜退院集中 / 肺炎・インフル期
2027-02-20,5F,44,2,0,0,,0,0,0,0,,14,20,10,0.0,土曜日 / 稼働率93.6% / 空床3床 / 年度末転院集中
2027-02-20,6F,47,2,0,0,,2,1,0,1,"3,46",3,11,33,24.5,土曜日 / 稼働率100.0% / 空床0床 / 肺炎・インフル期
2027-02-21,5F,45,2,2,0,,1,0,1,0,10,14,20,11,10.0,日曜日 / 稼働率95.7% / 空床2床 / 年度末転院集中
2027-02-21,6F,47,0,0,0,,0,0,0,0,,3,11,33,0.0,日曜日 / 稼働率100.0% / 空床0床 / 肺炎・インフル期
2027-02-22,5F,47,5,0,0,,3,0,0,3,"17,17,17",15,21,11,17.0,月曜日 / 稼働率100.0% / 空床0床 / 月曜入院集中 / 年度末転院集中
2027-02-22,6F,47,2,0,0,,2,0,0,2,"24,21",3,11,33,22.5,月曜日 / 稼働率100.0% / 空床0床 / 肺炎・インフル期
2027-02-23,5F,46,2,0,0,,3,1,2,0,"11,10,2",15,21,10,7.7,火曜日 / 稼働率97.9% / 空床1床 / 年度末転院集中
2027-02-23,6F,43,0,0,0,,4,0,0,4,"17,32,29,28",3,10,30,26.5,火曜日 / 稼働率91.5% / 空床4床 / 肺炎・インフル期
2027-02-24,5F,43,1,1,0,,4,0,2,2,"24,7,7,15",14,19,10,13.2,水曜日 / 稼働率91.5% / 空床4床 / 年度末転院集中
2027-02-24,6F,46,6,0,0,,3,0,0,3,"23,21,24",3,11,32,22.7,水曜日 / 稼働率97.9% / 空床1床 / 肺炎・インフル期
2027-02-25,5F,42,3,0,0,,4,0,3,1,"9,13,26,10",13,19,10,14.5,木曜日 / 稼働率89.4% / 空床5床 / 年度末転院集中
2027-02-25,6F,47,2,1,0,,1,0,0,1,36,3,11,33,36.0,木曜日 / 稼働率100.0% / 空床0床 / 肺炎・インフル期
2027-02-26,5F,40,2,0,0,,4,1,0,3,"17,20,2,25",13,18,9,16.0,金曜日 / 稼働率85.1% / 空床7床 / 金曜退院集中 / 年度末転院集中
2027-02-26,6F,46,2,0,0,,3,1,0,2,"1,29,17",3,11,32,15.7,金曜日 / 稼働率97.9% / 空床1床 / 金曜退院集中 / 肺炎・インフル期
2027-02-27,5F,37,0,0,1,6.0,3,0,3,0,"8,12,6",12,17,8,8.7,土曜日 / 稼働率78.7% / 空床10床 / 年度末転院集中
2027-02-27,6F,45,1,0,0,,2,0,0,2,"32,31",3,10,32,31.5,土曜日 / 稼働率95.7% / 空床2床 / 肺炎・インフル期
2027-02-28,5F,35,0,0,0,,2,0,1,1,"9,26",11,16,8,17.5,日曜日 / 稼働率74.5% / 空床12床 / 年度末転院集中
2027-02-28,6F,45,0,0,0,,0,0,0,0,,3,10,32,0.0,日曜日 / 稼働率95.7% / 空床2床 / 肺炎・インフル期
2027-03-01,5F,34,2,1,0,,3,0,1,2,"9,17,24",11,15,8,16.7,月曜日 / 稼働率72.3% / 空床13床 / 年度末転院集中
2027-03-01,6F,46,2,0,0,,1,0,0,1,35,4,12,30,35.0,月曜日 / 稼働率97.9% / 空床1床
2027-03-02,5F,33,2,0,0,,3,0,1,2,"11,21,22",11,15,7,18.0,火曜日 / 稼働率70.2% / 空床14床 / 年度末転院集中
2027-03-02,6F,45,4,1,0,,5,0,0,5,"27,27,26,23,22",4,11,30,25.0,火曜日 / 稼働率95.7% / 空床2床
2027-03-03,5F,34,4,1,0,,3,0,2,1,"8,20,9",11,15,8,12.3,水曜日 / 稼働率72.3% / 空床13床 / 年度末転院集中
2027-03-03,6F,44,2,1,0,,3,0,0,3,"22,20,21",4,11,29,21.0,水曜日 / 稼働率93.6% / 空床3床
2027-03-04,5F,36,5,1,0,,3,0,1,2,"20,22,13",12,16,8,18.3,木曜日 / 稼働率76.6% / 空床11床 / 年度末転院集中
2027-03-04,6F,46,6,1,0,,4,0,0,4,"15,22,20,16",4,12,30,18.2,木曜日 / 稼働率97.9% / 空床1床
2027-03-05,5F,35,2,0,0,,3,0,0,3,"15,15,17",11,16,8,15.7,金曜日 / 稼働率74.5% / 空床12床 / 金曜退院集中 / 年度末転院集中
2027-03-05,6F,43,1,0,0,,4,2,1,1,"14,3,1,18",3,11,29,9.0,金曜日 / 稼働率91.5% / 空床4床 / 金曜退院集中
2027-03-06,5F,34,0,0,0,,1,1,0,0,5,11,15,8,5.0,土曜日 / 稼働率72.3% / 空床13床 / 年度末転院集中
2027-03-06,6F,44,3,0,0,,2,0,0,2,"32,25",4,11,29,28.5,土曜日 / 稼働率93.6% / 空床3床
2027-03-07,5F,36,5,0,0,,3,1,1,1,"4,16,9",12,16,8,9.7,日曜日 / 稼働率76.6% / 空床11床 / 年度末転院集中
2027-03-07,6F,45,1,0,0,,0,0,0,0,,4,11,30,0.0,日曜日 / 稼働率95.7% / 空床2床
2027-03-08,5F,38,5,0,0,,3,0,1,2,"11,19,16",12,17,9,15.3,月曜日 / 稼働率80.9% / 空床9床 / 月曜入院集中 / 年度末転院集中
2027-03-08,6F,44,2,2,0,,3,1,0,2,"24,17,5",4,11,29,15.3,月曜日 / 稼働率93.6% / 空床3床
2027-03-09,5F,41,6,0,0,,3,0,1,2,"15,21,14",13,18,10,16.7,火曜日 / 稼働率87.2% / 空床6床 / 年度末転院集中
2027-03-09,6F,47,5,2,0,,2,0,0,2,"29,25",4,12,31,27.0,火曜日 / 稼働率100.0% / 空床0床
2027-03-10,5F,41,4,0,0,,4,0,1,3,"12,16,25,22",13,18,10,18.8,水曜日 / 稼働率87.2% / 空床6床 / 年度末転院集中
2027-03-10,6F,46,3,0,0,,4,3,0,1,"19,2,2,1",4,12,30,6.0,水曜日 / 稼働率97.9% / 空床1床
2027-03-11,5F,41,4,1,0,,4,0,2,2,"8,20,22,14",13,18,10,16.0,木曜日 / 稼働率87.2% / 空床6床 / 年度末転院集中
2027-03-11,6F,47,2,0,0,,1,0,0,1,31,4,12,31,31.0,木曜日 / 稼働率100.0% / 空床0床
2027-03-12,5F,40,3,1,0,,4,0,2,2,"7,18,9,24",13,18,9,14.5,金曜日 / 稼働率85.1% / 空床7床 / 金曜退院集中 / 年度末転院集中
2027-03-12,6F,42,1,0,0,,6,0,1,5,"30,28,16,23,18,13",3,10,29,21.3,金曜日 / 稼働率89.4% / 空床5床 / 金曜退院集中
2027-03-13,5F,40,2,0,1,9.0,2,1,1,0,"9,2",13,18,9,5.5,土曜日 / 稼働率85.1% / 空床7床 / 年度末転院集中
2027-03-13,6F,42,2,0,0,,2,0,1,1,"17,9",3,10,29,13.0,土曜日 / 稼働率89.4% / 空床5床
2027-03-14,5F,43,3,0,0,,0,0,0,0,,14,19,10,0.0,日曜日 / 稼働率91.5% / 空床4床 / 年度末転院集中
2027-03-14,6F,41,0,0,0,,1,1,0,0,5,3,10,28,5.0,日曜日 / 稼働率87.2% / 空床6床
2027-03-15,5F,44,5,0,0,,4,1,2,1,"5,8,14,29",14,20,10,14.0,月曜日 / 稼働率93.6% / 空床3床 / 月曜入院集中 / 年度末転院集中
2027-03-15,6F,42,4,0,0,,3,0,0,3,"34,27,19",3,10,29,26.7,月曜日 / 稼働率89.4% / 空床5床 / 月曜入院集中
2027-03-16,5F,47,7,1,0,,4,0,4,0,"9,8,14,14",15,21,11,11.2,火曜日 / 稼働率100.0% / 空床0床 / 年度末転院集中
2027-03-16,6F,44,4,1,0,,2,0,1,1,"26,10",4,11,29,18.0,火曜日 / 稼働率93.6% / 空床3床
2027-03-17,5F,46,2,0,0,,3,0,3,0,"14,13,8",15,21,10,11.7,水曜日 / 稼働率97.9% / 空床1床 / 年度末転院集中
2027-03-17,6F,47,3,0,0,,0,0,0,0,,4,12,31,0.0,水曜日 / 稼働率100.0% / 空床0床
2027-03-18,5F,42,1,0,1,6.0,5,0,4,1,"24,9,6,13,6",13,19,10,11.6,木曜日 / 稼働率89.4% / 空床5床 / 春分の日前(2日前) / 年度末転院集中
2027-03-18,6F,45,1,0,0,,3,0,0,3,"28,26,17",4,11,30,23.7,木曜日 / 稼働率95.7% / 空床2床 / 春分の日前(2日前)
2027-03-19,5F,38,2,0,0,,6,1,5,0,"12,8,11,4,12,11",12,17,9,9.7,金曜日 / 稼働率80.9% / 空床9床 / 春分の日前(1日前) / 金曜退院集中 / 年度末転院集中
2027-03-19,6F,46,5,2,0,,4,1,1,2,"25,16,10,3",4,12,30,13.5,金曜日 / 稼働率97.9% / 空床1床 / 春分の日前(1日前) / 金曜退院集中
2027-03-20,5F,36,0,0,0,,2,1,0,1,"4,23",12,16,8,13.5,土曜日 / 稼働率76.6% / 空床11床 / 春分の日中 / 年度末転院集中
2027-03-20,6F,46,1,0,0,,1,0,0,1,30,4,12,30,30.0,土曜日 / 稼働率97.9% / 空床1床 / 春分の日中
2027-03-21,5F,35,0,0,0,,1,0,1,0,13,11,16,8,13.0,日曜日 / 稼働率74.5% / 空床12床 / 春分の日中 / 年度末転院集中
2027-03-21,6F,47,1,0,0,,0,0,0,0,,4,12,31,0.0,日曜日 / 稼働率100.0% / 空床0床 / 春分の日中
2027-03-22,5F,34,2,0,0,,3,0,2,1,"11,15,12",11,15,8,12.7,月曜日 / 稼働率72.3% / 空床13床 / 春分の日中 / 年度末転院集中
2027-03-22,6F,47,1,0,0,,1,1,0,0,3,4,12,31,3.0,月曜日 / 稼働率100.0% / 空床0床 / 春分の日中
2027-03-23,5F,44,12,0,0,,2,0,1,1,"13,19",14,20,10,16.0,火曜日 / 稼働率93.6% / 空床3床 / 春分の日明け1日目 / 年度末転院集中
2027-03-23,6F,47,2,0,0,,2,0,0,2,"19,19",4,12,31,19.0,火曜日 / 稼働率100.0% / 空床0床 / 春分の日明け1日目
2027-03-24,5F,47,5,1,0,,2,0,1,1,"10,15",15,21,11,12.5,水曜日 / 稼働率100.0% / 空床0床 / 春分の日明け2日目 / 年度末転院集中
2027-03-24,6F,47,2,1,0,,2,1,0,1,"5,28",4,12,31,16.5,水曜日 / 稼働率100.0% / 空床0床 / 春分の日明け2日目
2027-03-25,5F,47,3,3,0,,3,0,2,1,"12,16,13",15,21,11,13.7,木曜日 / 稼働率100.0% / 空床0床 / 春分の日明け3日目 / 年度末転院集中
2027-03-25,6F,43,0,0,0,,4,0,0,4,"24,23,29,27",3,11,29,25.8,木曜日 / 稼働率91.5% / 空床4床 / 春分の日明け3日目
2027-03-26,5F,45,2,1,0,,4,1,1,2,"2,22,17,7",14,20,11,12.0,金曜日 / 稼働率95.7% / 空床2床 / 金曜退院集中 / 年度末転院集中
2027-03-26,6F,40,1,0,0,,4,0,0,4,"34,29,19,24",3,10,27,26.5,金曜日 / 稼働率85.1% / 空床7床 / 金曜退院集中
2027-03-27,5F,47,2,0,0,,0,0,0,0,,15,21,11,0.0,土曜日 / 稼働率100.0% / 空床0床 / 年度末転院集中
2027-03-27,6F,40,1,1,0,,1,0,0,1,22,3,10,27,22.0,土曜日 / 稼働率85.1% / 空床7床
2027-03-28,5F,45,1,0,0,,3,0,1,2,"17,15,12",14,20,11,14.7,日曜日 / 稼働率95.7% / 空床2床 / 年度末転院集中
2027-03-28,6F,41,1,0,0,,0,0,0,0,,3,10,28,0.0,日曜日 / 稼働率87.2% / 空床6床
2027-03-29,5F,46,5,3,0,,4,0,1,3,"15,15,10,20",15,21,10,15.0,月曜日 / 稼働率97.9% / 空床1床 / 月曜入院集中 / 年度末転院集中
2027-03-29,6F,42,4,0,0,,3,0,0,3,"16,25,17",3,10,29,19.3,月曜日 / 稼働率89.4% / 空床5床 / 月曜入院集中
2027-03-30,5F,43,1,0,0,,4,1,1,2,"15,20,14,5",14,19,10,13.5,火曜日 / 稼働率91.5% / 空床4床 / 年度末転院集中
2027-03-30,6F,45,6,1,1,6.0,3,0,1,2,"6,32,19",4,11,30,19.0,火曜日 / 稼働率95.7% / 空床2床
2027-03-31,5F,40,1,0,0,,4,1,1,2,"8,16,5,23",13,18,9,13.0,水曜日 / 稼働率85.1% / 空床7床 / 年度末転院集中
2027-03-31,6F,47,6,0,0,,4,0,0,4,"21,35,25,20",4,12,31,25.2,水曜日 / 稼働率100.0% / 空床0床
